Sequence_name	Source	Type	Start	Stop	Length	Score	Strand	Repeat	Spacer	Repeated	Subset	Composition	Sequence
seq	ABCC	Short_Tandem_Repeat	388	400	13	NA	+	4	1	X3+1	NA	0A/1C/1G/2T	ttcgttcgttcgt
seq	ABCC	Short_Tandem_Repeat	1133	1147	15	NA	+	2	1	X7+1	NA	1A/0C/1G/0T	agagagagagagaga
seq	ABCC	Short_Tandem_Repeat	1855	1868	14	NA	+	4	1	X3+2	NA	1A/0C/0G/3T	ttatttatttattt
seq	ABCC	Short_Tandem_Repeat	1909	1918	10	NA	+	3	4	X3+1	NA	2A/0C/1G/0T	agaagaagaa
seq	ABCC	Short_Tandem_Repeat	4416	4439	24	NA	+	1	4	X24+0	NA	0A/0C/0G/1T	tttttttttttttttttttttttt
seq	ABCC	Short_Tandem_Repeat	4592	4604	13	NA	+	1	4	X13+0	NA	0A/0C/0G/1T	ttttttttttttt
seq	ABCC	Short_Tandem_Repeat	5681	5691	11	NA	+	1	4	X11+0	NA	0A/0C/0G/1T	ttttttttttt
seq	ABCC	Short_Tandem_Repeat	5868	5877	10	NA	+	1	4	X10+0	NA	1A/0C/0G/0T	aaaaaaaaaa
seq	ABCC	Short_Tandem_Repeat	6338	6348	11	NA	+	1	4	X11+0	NA	1A/0C/0G/0T	aaaaaaaaaaa
seq	ABCC	Short_Tandem_Repeat	6474	6484	11	NA	+	3	0	X3+2	NA	1A/0C/1G/1T	gatgatgatga
seq	ABCC	Short_Tandem_Repeat	7080	7090	11	NA	+	1	4	X11+0	NA	1A/0C/0G/0T	aaaaaaaaaaa
seq	ABCC	Short_Tandem_Repeat	7149	7159	11	NA	+	3	0	X3+2	NA	1A/0C/0G/2T	ttattattatt
seq	ABCC	Short_Tandem_Repeat	8700	8715	16	NA	+	1	4	X16+0	NA	0A/0C/0G/1T	tttttttttttttttt
seq	ABCC	Short_Tandem_Repeat	8941	8952	12	NA	+	3	0	X4+0	NA	1A/0C/0G/2T	attattattatt
seq	ABCC	Short_Tandem_Repeat	9477	9486	10	NA	+	3	6	X3+1	NA	0A/0C/1G/2T	tgttgttgtt
seq	ABCC	Short_Tandem_Repeat	10007	10016	10	NA	+	3	0	X3+1	NA	1A/0C/2G/0T	ggaggaggag
seq	ABCC	Short_Tandem_Repeat	10868	10877	10	NA	+	3	0	X3+1	NA	1A/0C/0G/2T	attattatta
seq	ABCC	Short_Tandem_Repeat	11007	11019	13	NA	+	1	4	X13+0	NA	0A/0C/0G/1T	ttttttttttttt
seq	ABCC	Short_Tandem_Repeat	12118	12128	11	NA	+	1	4	X11+0	NA	0A/0C/0G/1T	ttttttttttt
seq	ABCC	Short_Tandem_Repeat	12452	12466	15	NA	+	4	1	X3+3	NA	0A/0C/1G/3T	tttgtttgtttgttt
seq	ABCC	Short_Tandem_Repeat	12604	12613	10	NA	+	1	4	X10+0	NA	0A/0C/0G/1T	tttttttttt
seq	ABCC	Short_Tandem_Repeat	16427	16443	17	NA	+	1	4	X17+0	NA	0A/1C/0G/0T	ccccccccccccccccc
seq	ABCC	Short_Tandem_Repeat	18397	18406	10	NA	+	2	3	X5+0	NA	0A/0C/1G/1T	tgtgtgtgtg
seq	ABCC	Short_Tandem_Repeat	18408	18419	12	NA	+	2	3	X6+0	NA	0A/0C/1G/1T	gtgtgtgtgtgt
seq	ABCC	Short_Tandem_Repeat	18582	18594	13	NA	+	1	4	X13+0	NA	0A/0C/0G/1T	ttttttttttttt
seq	ABCC	Short_Tandem_Repeat	22379	22388	10	NA	+	1	4	X10+0	NA	0A/0C/0G/1T	tttttttttt
seq	ABCC	Short_Tandem_Repeat	22949	22962	14	NA	+	3	0	X4+2	NA	0A/0C/1G/2T	ttgttgttgttgtt
seq	ABCC	Short_Tandem_Repeat	25367	25378	12	NA	+	3	0	X4+0	NA	2A/0C/0G/1T	aataataataat
seq	ABCC	Short_Tandem_Repeat	26673	26684	12	NA	+	1	4	X12+0	NA	0A/0C/0G/1T	tttttttttttt
seq	ABCC	Short_Tandem_Repeat	31716	31725	10	NA	+	3	0	X3+1	NA	1A/0C/2G/0T	ggaggaggag
seq	ABCC	Short_Tandem_Repeat	32268	32279	12	NA	+	4	1	X3+0	NA	1A/1C/2G/0T	aggcaggcaggc
seq	ABCC	Short_Tandem_Repeat	34539	34551	13	NA	+	4	3	X3+1	NA	2A/1C/0G/1T	atacatacataca
seq	ABCC	Short_Tandem_Repeat	34681	34690	10	NA	+	3	0	X3+1	NA	0A/0C/1G/2T	ttgttgttgt
seq	ABCC	Short_Tandem_Repeat	35823	35833	11	NA	+	1	4	X11+0	NA	0A/0C/0G/1T	ttttttttttt
seq	ABCC	Short_Tandem_Repeat	37201	37213	13	NA	+	1	4	X13+0	NA	1A/0C/0G/0T	aaaaaaaaaaaaa
seq	ABCC	Short_Tandem_Repeat	37636	37645	10	NA	+	1	4	X10+0	NA	0A/0C/0G/1T	tttttttttt
seq	ABCC	Short_Tandem_Repeat	38192	38202	11	NA	+	1	4	X11+0	NA	0A/0C/0G/1T	ttttttttttt
seq	ABCC	Short_Tandem_Repeat	40305	40328	24	NA	+	1	4	X24+0	NA	1A/0C/0G/0T	aaaaaaaaaaaaaaaaaaaaaaaa
seq	ABCC	Short_Tandem_Repeat	40401	40426	26	NA	+	2	3	X13+0	NA	1A/1C/0G/0T	acacacacacacacacacacacacac
seq	ABCC	Short_Tandem_Repeat	40426	40482	57	NA	+	2	1	X28+1	NA	0A/1C/0G/1T	ctctctctctctctctctctctctctctctctctctctctctctctctctctctctc
seq	ABCC	Short_Tandem_Repeat	40944	40961	18	NA	+	4	1	X4+2	NA	3A/0C/0G/1T	taaataaataaataaata
seq	ABCC	Short_Tandem_Repeat	41984	41993	10	NA	+	3	0	X3+1	NA	2A/0C/1G/0T	gaagaagaag
seq	ABCC	Short_Tandem_Repeat	42860	42887	28	NA	+	1	4	X28+0	NA	1A/0C/0G/0T	aaaaaaaaaaaaaaaaaaaaaaaaaaaa
seq	ABCC	Short_Tandem_Repeat	42924	42933	10	NA	+	1	4	X10+0	NA	1A/0C/0G/0T	aaaaaaaaaa
seq	ABCC	Short_Tandem_Repeat	42936	42945	10	NA	+	1	4	X10+0	NA	1A/0C/0G/0T	aaaaaaaaaa
seq	ABCC	Short_Tandem_Repeat	43092	43110	19	NA	+	1	4	X19+0	NA	1A/0C/0G/0T	aaaaaaaaaaaaaaaaaaa
seq	ABCC	Short_Tandem_Repeat	45360	45371	12	NA	+	2	11	X6+0	NA	1A/0C/0G/1T	atatatatatat
seq	ABCC	Short_Tandem_Repeat	45373	45385	13	NA	+	2	11	X6+1	NA	1A/0C/0G/1T	tatatatatatat
seq	ABCC	Short_Tandem_Repeat	45385	45394	10	NA	+	1	4	X10+0	NA	0A/0C/0G/1T	tttttttttt
seq	ABCC	Short_Tandem_Repeat	50991	51000	10	NA	+	2	11	X5+0	NA	1A/0C/0G/1T	atatatatat
seq	ABCC	Short_Tandem_Repeat	53004	53027	24	NA	+	1	4	X24+0	NA	0A/0C/0G/1T	tttttttttttttttttttttttt
seq	ABCC	Short_Tandem_Repeat	54271	54294	24	NA	+	5	0	X4+4	NA	0A/0C/1G/4T	ttttgttttgttttgttttgtttt
seq	ABCC	Short_Tandem_Repeat	55061	55086	26	NA	+	1	4	X26+0	NA	1A/0C/0G/0T	aaaaaaaaaaaaaaaaaaaaaaaaaa
seq	ABCC	Short_Tandem_Repeat	55541	55550	10	NA	+	1	4	X10+0	NA	0A/0C/0G/1T	tttttttttt
seq	ABCC	Short_Tandem_Repeat	56180	56190	11	NA	+	1	4	X11+0	NA	0A/0C/0G/1T	ttttttttttt
seq	ABCC	Short_Tandem_Repeat	57134	57150	17	NA	+	1	4	X17+0	NA	0A/0C/0G/1T	ttttttttttttttttt
seq	ABCC	Short_Tandem_Repeat	59989	60015	27	NA	+	1	4	X27+0	NA	1A/0C/0G/0T	aaaaaaaaaaaaaaaaaaaaaaaaaaa
seq	ABCC	Short_Tandem_Repeat	60362	60387	26	NA	+	4	1	X6+2	NA	1A/0C/0G/3T	tttatttatttatttatttatttatt
seq	ABCC	Short_Tandem_Repeat	60386	60402	17	NA	+	5	4	X3+2	NA	1A/0C/0G/4T	ttattttattttatttt
seq	ABCC	Short_Tandem_Repeat	63810	63836	27	NA	+	4	1	X6+3	NA	1A/0C/0G/3T	tttatttatttatttatttatttattt
seq	ABCC	Short_Tandem_Repeat	68862	68871	10	NA	+	1	4	X10+0	NA	0A/0C/0G/1T	tttttttttt
seq	ABCC	Short_Tandem_Repeat	69602	69630	29	NA	+	6	1	X4+5	NA	0A/0C/1G/5T	tttttgtttttgtttttgtttttgttttt
seq	ABCC	Short_Tandem_Repeat	72485	72502	18	NA	+	6	1	X3+0	NA	0A/0C/1G/5T	gtttttgtttttgttttt
seq	ABCC	Short_Tandem_Repeat	73626	73641	16	NA	+	1	4	X16+0	NA	0A/0C/0G/1T	tttttttttttttttt
seq	ABCC	Short_Tandem_Repeat	73794	73804	11	NA	+	1	4	X11+0	NA	0A/0C/0G/1T	ttttttttttt
seq	ABCC	Short_Tandem_Repeat	73963	73974	12	NA	+	1	4	X12+0	NA	0A/0C/0G/1T	tttttttttttt
seq	ABCC	Short_Tandem_Repeat	74238	74251	14	NA	+	1	4	X14+0	NA	0A/0C/0G/1T	tttttttttttttt
seq	ABCC	Short_Tandem_Repeat	74548	74563	16	NA	+	1	4	X16+0	NA	0A/0C/0G/1T	tttttttttttttttt
seq	ABCC	Short_Tandem_Repeat	74982	74992	11	NA	+	1	4	X11+0	NA	0A/0C/0G/1T	ttttttttttt
seq	ABCC	Short_Tandem_Repeat	75683	75693	11	NA	+	2	1	X5+1	NA	1A/0C/1G/0T	agagagagaga
seq	ABCC	Short_Tandem_Repeat	75743	75756	14	NA	+	2	1	X7+0	NA	1A/0C/1G/0T	agagagagagagag
seq	ABCC	Short_Tandem_Repeat	76137	76146	10	NA	+	3	6	X3+1	NA	1A/0C/0G/2T	tattattatt
seq	ABCC	Short_Tandem_Repeat	81940	81959	20	NA	+	1	4	X20+0	NA	0A/0C/0G/1T	tttttttttttttttttttt
seq	ABCC	Short_Tandem_Repeat	82718	82730	13	NA	+	4	9	X3+1	NA	2A/0C/0G/2T	aattaattaatta
seq	ABCC	Short_Tandem_Repeat	83707	83717	11	NA	+	1	4	X11+0	NA	1A/0C/0G/0T	aaaaaaaaaaa
seq	ABCC	Short_Tandem_Repeat	84086	84095	10	NA	+	3	0	X3+1	NA	1A/0C/0G/2T	attattatta
seq	ABCC	Short_Tandem_Repeat	88819	88828	10	NA	+	1	4	X10+0	NA	1A/0C/0G/0T	aaaaaaaaaa
seq	ABCC	Short_Tandem_Repeat	90098	90107	10	NA	+	3	4	X3+1	NA	0A/2C/0G/1T	ctcctcctcc
seq	ABCC	Short_Tandem_Repeat	95156	95169	14	NA	+	3	0	X4+2	NA	2A/0C/1G/0T	aagaagaagaagaa
seq	ABCC	Short_Tandem_Repeat	95326	95349	24	NA	+	3	0	X8+0	NA	2A/1C/0G/0T	caacaacaacaacaacaacaacaa
seq	ABCC	Short_Tandem_Repeat	95348	95361	14	NA	+	1	4	X14+0	NA	1A/0C/0G/0T	aaaaaaaaaaaaaa
seq	ABCC	Short_Tandem_Repeat	95750	95773	24	NA	+	5	0	X4+4	NA	4A/0C/1G/0T	aaaagaaaagaaaagaaaagaaaa
seq	ABCC	Short_Tandem_Repeat	97038	97049	12	NA	+	4	1	X3+0	NA	1A/1C/0G/2T	tcattcattcat
seq	ABCC	Short_Tandem_Repeat	97437	97446	10	NA	+	1	4	X10+0	NA	0A/0C/0G/1T	tttttttttt
seq	ABCC	Short_Tandem_Repeat	98186	98196	11	NA	+	2	1	X5+1	NA	1A/0C/1G/0T	agagagagaga
seq	ABCC	Short_Tandem_Repeat	98960	98977	18	NA	+	5	0	X3+3	NA	4A/0C/0G/1T	aaaataaaataaaataaa
seq	ABCC	Short_Tandem_Repeat	99891	99907	17	NA	+	4	5	X4+1	NA	2A/0C/2G/0T	gaaggaaggaaggaagg
seq	ABCC	Short_Tandem_Repeat	103143	103156	14	NA	+	4	9	X3+2	NA	2A/0C/0G/2T	aattaattaattaa
seq	ABCC	Short_Tandem_Repeat	106927	106938	12	NA	+	4	1	X3+0	NA	1A/2C/0G/1T	actcactcactc
seq	ABCC	Short_Tandem_Repeat	107233	107242	10	NA	+	1	4	X10+0	NA	1A/0C/0G/0T	aaaaaaaaaa
seq	ABCC	Short_Tandem_Repeat	111141	111150	10	NA	+	2	3	X5+0	NA	0A/0C/1G/1T	tgtgtgtgtg
seq	ABCC	Short_Tandem_Repeat	112229	112238	10	NA	+	2	11	X5+0	NA	1A/0C/0G/1T	atatatatat
seq	ABCC	Short_Tandem_Repeat	112556	112565	10	NA	+	1	4	X10+0	NA	1A/0C/0G/0T	aaaaaaaaaa
seq	ABCC	Short_Tandem_Repeat	113174	113183	10	NA	+	3	0	X3+1	NA	0A/1C/1G/1T	gctgctgctg
seq	ABCC	Short_Tandem_Repeat	113936	113949	14	NA	+	1	4	X14+0	NA	1A/0C/0G/0T	aaaaaaaaaaaaaa
seq	ABCC	Short_Tandem_Repeat	114460	114474	15	NA	+	4	1	X3+3	NA	0A/0C/1G/3T	tttgtttgtttgttt
seq	ABCC	Short_Tandem_Repeat	115169	115205	37	NA	+	2	1	X18+1	NA	1A/0C/1G/0T	gagagagagagagagagagagagagagagagagagag
seq	ABCC	Short_Tandem_Repeat	118211	118223	13	NA	+	1	4	X13+0	NA	0A/0C/0G/1T	ttttttttttttt
seq	ABCC	Short_Tandem_Repeat	119626	119635	10	NA	+	2	3	X5+0	NA	0A/0C/1G/1T	tgtgtgtgtg
seq	ABCC	Short_Tandem_Repeat	121218	121229	12	NA	+	4	1	X3+0	NA	1A/2C/0G/1T	catccatccatc
seq	ABCC	Short_Tandem_Repeat	122921	122930	10	NA	+	1	4	X10+0	NA	0A/0C/0G/1T	tttttttttt
seq	ABCC	Short_Tandem_Repeat	123944	123961	18	NA	+	1	4	X18+0	NA	0A/0C/0G/1T	tttttttttttttttttt
seq	ABCC	Short_Tandem_Repeat	124784	124794	11	NA	+	3	6	X3+2	NA	2A/0C/0G/1T	ataataataat
seq	ABCC	Short_Tandem_Repeat	125597	125611	15	NA	+	1	4	X15+0	NA	0A/0C/0G/1T	ttttttttttttttt
seq	ABCC	Short_Tandem_Repeat	126801	126810	10	NA	+	1	4	X10+0	NA	1A/0C/0G/0T	aaaaaaaaaa
seq	ABCC	Short_Tandem_Repeat	127928	127940	13	NA	+	1	4	X13+0	NA	0A/0C/0G/1T	ttttttttttttt
seq	ABCC	Short_Tandem_Repeat	129008	129017	10	NA	+	3	2	X3+1	NA	1A/1C/0G/1T	tactactact
seq	ABCC	Short_Tandem_Repeat	129519	129537	19	NA	+	1	4	X19+0	NA	1A/0C/0G/0T	aaaaaaaaaaaaaaaaaaa
seq	ABCC	Short_Tandem_Repeat	129649	129658	10	NA	+	2	11	X5+0	NA	1A/0C/0G/1T	atatatatat
seq	ABCC	Short_Tandem_Repeat	135149	135180	32	NA	+	2	3	X16+0	NA	0A/0C/1G/1T	tgtgtgtgtgtgtgtgtgtgtgtgtgtgtgtg
seq	ABCC	Short_Tandem_Repeat	135767	135777	11	NA	+	1	4	X11+0	NA	0A/0C/0G/1T	ttttttttttt
seq	ABCC	Short_Tandem_Repeat	136287	136299	13	NA	+	4	1	X3+1	NA	0A/1C/0G/3T	tttctttctttct
seq	ABCC	Short_Tandem_Repeat	138183	138192	10	NA	+	1	4	X10+0	NA	1A/0C/0G/0T	aaaaaaaaaa
seq	ABCC	Short_Tandem_Repeat	142101	142118	18	NA	+	1	4	X18+0	NA	0A/0C/0G/1T	tttttttttttttttttt
seq	ABCC	Short_Tandem_Repeat	142323	142335	13	NA	+	2	3	X6+1	NA	1A/1C/0G/0T	acacacacacaca
seq	ABCC	Short_Tandem_Repeat	142348	142360	13	NA	+	2	3	X6+1	NA	1A/1C/0G/0T	cacacacacacac
seq	ABCC	Short_Tandem_Repeat	144435	144446	12	NA	+	3	4	X4+0	NA	0A/1C/0G/2T	tcttcttcttct
seq	ABCC	Short_Tandem_Repeat	145474	145496	23	NA	+	5	0	X4+3	NA	3A/2C/0G/0T	aaaccaaaccaaaccaaaccaaa
seq	ABCC	Short_Tandem_Repeat	145942	145955	14	NA	+	4	1	X3+2	NA	0A/0C/1G/3T	tttgtttgtttgtt
seq	ABCC	Short_Tandem_Repeat	146824	146834	11	NA	+	2	11	X5+1	NA	1A/0C/0G/1T	tatatatatat
seq	ABCC	Short_Tandem_Repeat	149714	149734	21	NA	+	1	4	X21+0	NA	1A/0C/0G/0T	aaaaaaaaaaaaaaaaaaaaa
seq	ABCC	Short_Tandem_Repeat	151765	151797	33	NA	+	2	3	X16+1	NA	1A/1C/0G/0T	acacacacacacacacacacacacacacacaca
seq	ABCC	Short_Tandem_Repeat	155103	155123	21	NA	+	4	1	X5+1	NA	3A/0C/0G/1T	aaataaataaataaataaata
seq	ABCC	Short_Tandem_Repeat	160777	160796	20	NA	+	5	4	X4+0	NA	4A/1C/0G/0T	aacaaaacaaaacaaaacaa
seq	ABCC	Short_Tandem_Repeat	163342	163369	28	NA	+	7	0	X4+0	NA	6A/1C/0G/0T	caaaaaacaaaaaacaaaaaacaaaaaa
seq	ABCC	Short_Tandem_Repeat	163379	163388	10	NA	+	3	0	X3+1	NA	1A/0C/0G/2T	ttattattat
seq	ABCC	Short_Tandem_Repeat	163799	163808	10	NA	+	1	4	X10+0	NA	1A/0C/0G/0T	aaaaaaaaaa
seq	ABCC	Short_Tandem_Repeat	163810	163821	12	NA	+	1	4	X12+0	NA	1A/0C/0G/0T	aaaaaaaaaaaa
seq	ABCC	Short_Tandem_Repeat	163823	163839	17	NA	+	5	0	X3+2	NA	4A/0C/1G/0T	aaagaaaagaaaagaaa
seq	ABCC	Short_Tandem_Repeat	163833	163847	15	NA	+	4	1	X3+3	NA	3A/0C/1G/0T	aaagaaagaaagaaa
seq	ABCC	Short_Tandem_Repeat	166263	166272	10	NA	+	1	4	X10+0	NA	0A/0C/0G/1T	tttttttttt
seq	ABCC	Short_Tandem_Repeat	166851	166867	17	NA	+	2	1	X8+1	NA	0A/1C/0G/1T	tctctctctctctctct
seq	ABCC	Short_Tandem_Repeat	166867	166876	10	NA	+	1	4	X10+0	NA	0A/0C/0G/1T	tttttttttt
seq	ABCC	Short_Tandem_Repeat	168465	168487	23	NA	+	1	4	X23+0	NA	0A/0C/0G/1T	ttttttttttttttttttttttt
seq	ABCC	Short_Tandem_Repeat	170784	170796	13	NA	+	1	4	X13+0	NA	1A/0C/0G/0T	aaaaaaaaaaaaa
seq	ABCC	Short_Tandem_Repeat	172113	172125	13	NA	+	3	4	X4+1	NA	1A/0C/2G/0T	gaggaggaggagg
seq	ABCC	Short_Tandem_Repeat	175491	175507	17	NA	+	1	4	X17+0	NA	1A/0C/0G/0T	aaaaaaaaaaaaaaaaa
seq	ABCC	Short_Tandem_Repeat	177375	177384	10	NA	+	3	6	X3+1	NA	0A/0C/2G/1T	gtggtggtgg
seq	ABCC	Short_Tandem_Repeat	177514	177529	16	NA	+	1	4	X16+0	NA	1A/0C/0G/0T	aaaaaaaaaaaaaaaa
seq	ABCC	Short_Tandem_Repeat	182475	182491	17	NA	+	1	4	X17+0	NA	1A/0C/0G/0T	aaaaaaaaaaaaaaaaa
seq	ABCC	Short_Tandem_Repeat	182999	183013	15	NA	+	4	9	X3+3	NA	2A/0C/0G/2T	aattaattaattaat
seq	ABCC	Short_Tandem_Repeat	183888	183905	18	NA	+	5	0	X3+3	NA	0A/1C/0G/4T	tttcttttcttttctttt
seq	ABCC	Short_Tandem_Repeat	185859	185872	14	NA	+	4	1	X3+2	NA	3A/0C/0G/1T	aaataaataaataa
seq	ABCC	Short_Tandem_Repeat	186200	186214	15	NA	+	1	4	X15+0	NA	0A/0C/0G/1T	ttttttttttttttt
seq	ABCC	Short_Tandem_Repeat	187821	187832	12	NA	+	4	1	X3+0	NA	0A/2C/1G/1T	gcctgcctgcct
seq	ABCC	Short_Tandem_Repeat	188255	188264	10	NA	+	3	4	X3+1	NA	0A/2C/0G/1T	ctcctcctcc
seq	ABCC	Short_Tandem_Repeat	193322	193331	10	NA	+	3	6	X3+1	NA	2A/0C/0G/1T	ataataataa
seq	ABCC	Short_Tandem_Repeat	193327	193360	34	NA	+	4	1	X8+2	NA	3A/0C/0G/1T	aataaataaataaataaataaataaataaataaa
seq	ABCC	Short_Tandem_Repeat	193550	193559	10	NA	+	3	6	X3+1	NA	0A/0C/2G/1T	gtggtggtgg
seq	ABCC	Short_Tandem_Repeat	193688	193702	15	NA	+	1	4	X15+0	NA	1A/0C/0G/0T	aaaaaaaaaaaaaaa
seq	ABCC	Short_Tandem_Repeat	193708	193718	11	NA	+	1	4	X11+0	NA	0A/0C/0G/1T	ttttttttttt
seq	ABCC	Short_Tandem_Repeat	195449	195463	15	NA	+	2	3	X7+1	NA	0A/0C/1G/1T	gtgtgtgtgtgtgtg
seq	ABCC	Short_Tandem_Repeat	195465	195475	11	NA	+	2	3	X5+1	NA	0A/0C/1G/1T	gtgtgtgtgtg
seq	ABCC	Short_Tandem_Repeat	197112	197121	10	NA	+	1	4	X10+0	NA	1A/0C/0G/0T	aaaaaaaaaa
seq	ABCC	Short_Tandem_Repeat	197645	197656	12	NA	+	1	4	X12+0	NA	0A/0C/0G/1T	tttttttttttt
seq	ABCC	Short_Tandem_Repeat	198195	198205	11	NA	+	2	3	X5+1	NA	1A/1C/0G/0T	acacacacaca
seq	ABCC	Short_Tandem_Repeat	198366	198376	11	NA	+	3	0	X3+2	NA	1A/1C/1G/0T	agcagcagcag
seq	ABCC	Short_Tandem_Repeat	199305	199314	10	NA	+	1	4	X10+0	NA	1A/0C/0G/0T	aaaaaaaaaa
seq	ABCC	Short_Tandem_Repeat	200243	200255	13	NA	+	3	6	X4+1	NA	1A/0C/0G/2T	tattattattatt
seq	ABCC	Short_Tandem_Repeat	200535	200550	16	NA	+	5	0	X3+1	NA	0A/0C/1G/4T	tgttttgttttgtttt
seq	ABCC	Short_Tandem_Repeat	202622	202631	10	NA	+	3	0	X3+1	NA	1A/0C/2G/0T	aggaggagga
seq	ABCC	Short_Tandem_Repeat	205380	205389	10	NA	+	1	4	X10+0	NA	0A/0C/0G/1T	tttttttttt
seq	ABCC	Short_Tandem_Repeat	206215	206224	10	NA	+	1	4	X10+0	NA	1A/0C/0G/0T	aaaaaaaaaa
seq	ABCC	Short_Tandem_Repeat	206595	206636	42	NA	+	3	0	X14+0	NA	2A/1C/0G/0T	aacaacaacaacaacaacaacaacaacaacaacaacaacaac
seq	ABCC	Short_Tandem_Repeat	206815	206827	13	NA	+	3	6	X4+1	NA	0A/0C/1G/2T	tgttgttgttgtt
seq	ABCC	Short_Tandem_Repeat	208801	208810	10	NA	+	1	4	X10+0	NA	1A/0C/0G/0T	aaaaaaaaaa
seq	ABCC	Short_Tandem_Repeat	211908	211919	12	NA	+	4	1	X3+0	NA	1A/2C/1G/0T	cagccagccagc
seq	ABCC	Short_Tandem_Repeat	213763	213777	15	NA	+	3	0	X5+0	NA	0A/0C/1G/2T	gttgttgttgttgtt
seq	ABCC	Short_Tandem_Repeat	214079	214089	11	NA	+	3	0	X3+2	NA	1A/1C/1G/0T	agcagcagcag
seq	ABCC	Short_Tandem_Repeat	214086	214097	12	NA	+	4	1	X3+0	NA	1A/1C/2G/0T	gcaggcaggcag
seq	ABCC	Short_Tandem_Repeat	215316	215325	10	NA	+	3	4	X3+1	NA	0A/1C/0G/2T	tcttcttctt
seq	ABCC	Short_Tandem_Repeat	215679	215690	12	NA	+	3	0	X4+0	NA	2A/1C/0G/0T	aacaacaacaac
seq	ABCC	Short_Tandem_Repeat	216803	216818	16	NA	+	2	11	X8+0	NA	1A/0C/0G/1T	atatatatatatatat
seq	ABCC	Short_Tandem_Repeat	217361	217375	15	NA	+	4	1	X3+3	NA	0A/1C/0G/3T	tttctttctttcttt
seq	ABCC	Short_Tandem_Repeat	217381	217391	11	NA	+	1	4	X11+0	NA	0A/0C/0G/1T	ttttttttttt
seq	ABCC	Short_Tandem_Repeat	219009	219019	11	NA	+	2	1	X5+1	NA	1A/0C/1G/0T	gagagagagag
seq	ABCC	Short_Tandem_Repeat	220898	220912	15	NA	+	1	4	X15+0	NA	0A/0C/0G/1T	ttttttttttttttt
seq	ABCC	Short_Tandem_Repeat	223373	223401	29	NA	+	6	1	X4+5	NA	1A/0C/0G/5T	tttttatttttatttttatttttattttt
seq	ABCC	Short_Tandem_Repeat	223540	223549	10	NA	+	3	0	X3+1	NA	1A/2C/0G/0T	ccaccaccac
seq	ABCC	Short_Tandem_Repeat	223737	223755	19	NA	+	4	1	X4+3	NA	3A/0C/1G/0T	aagaaagaaagaaagaaag
seq	ABCC	Short_Tandem_Repeat	223754	223769	16	NA	+	4	1	X4+0	NA	1A/0C/3G/0T	agggagggagggaggg
seq	ABCC	Short_Tandem_Repeat	229122	229140	19	NA	+	4	1	X4+3	NA	3A/1C/0G/0T	aaacaaacaaacaaacaaa
seq	ABCC	Short_Tandem_Repeat	229149	229158	10	NA	+	1	4	X10+0	NA	1A/0C/0G/0T	aaaaaaaaaa
seq	ABCC	Short_Tandem_Repeat	229623	229632	10	NA	+	3	0	X3+1	NA	2A/0C/0G/1T	aataataata
seq	ABCC	Short_Tandem_Repeat	231939	231948	10	NA	+	1	4	X10+0	NA	1A/0C/0G/0T	aaaaaaaaaa
seq	ABCC	Short_Tandem_Repeat	232741	232752	12	NA	+	4	1	X3+0	NA	3A/0C/0G/1T	taaataaataaa
seq	ABCC	Short_Tandem_Repeat	233231	233240	10	NA	+	3	6	X3+1	NA	0A/0C/2G/1T	gtggtggtgg
seq	ABCC	Short_Tandem_Repeat	233378	233395	18	NA	+	1	4	X18+0	NA	1A/0C/0G/0T	aaaaaaaaaaaaaaaaaa
seq	ABCC	Short_Tandem_Repeat	233427	233436	10	NA	+	3	4	X3+1	NA	2A/0C/1G/0T	agaagaagaa
seq	ABCC	Short_Tandem_Repeat	235368	235379	12	NA	+	1	4	X12+0	NA	0A/0C/0G/1T	tttttttttttt
seq	ABCC	Short_Tandem_Repeat	235779	235790	12	NA	+	4	1	X3+0	NA	0A/0C/3G/1T	gtgggtgggtgg
seq	ABCC	Short_Tandem_Repeat	236009	236020	12	NA	+	1	4	X12+0	NA	0A/0C/0G/1T	tttttttttttt
seq	ABCC	Short_Tandem_Repeat	239104	239114	11	NA	+	3	0	X3+2	NA	0A/1C/1G/1T	ctgctgctgct
seq	ABCC	Short_Tandem_Repeat	239333	239344	12	NA	+	3	0	X4+0	NA	1A/1C/1G/0T	cagcagcagcag
seq	ABCC	Short_Tandem_Repeat	239862	239874	13	NA	+	3	0	X4+1	NA	2A/0C/0G/1T	taataataataat
seq	ABCC	Short_Tandem_Repeat	239951	239960	10	NA	+	3	0	X3+1	NA	0A/1C/0G/2T	ttcttcttct
seq	ABCC	Short_Tandem_Repeat	242863	242877	15	NA	+	4	1	X3+3	NA	1A/1C/0G/2T	ctatctatctatcta
seq	ABCC	Short_Tandem_Repeat	245869	245883	15	NA	+	1	4	X15+0	NA	0A/0C/0G/1T	ttttttttttttttt
seq	ABCC	Short_Tandem_Repeat	245947	245957	11	NA	+	3	0	X3+2	NA	0A/2C/0G/1T	cctcctcctcc
seq	ABCC	Short_Tandem_Repeat	248507	248544	38	NA	+	2	3	X19+0	NA	0A/0C/1G/1T	gtgtgtgtgtgtgtgtgtgtgtgtgtgtgtgtgtgtgt
seq	ABCC	Short_Tandem_Repeat	253768	253778	11	NA	+	3	4	X3+2	NA	1A/0C/2G/0T	gaggaggagga
seq	ABCC	Short_Tandem_Repeat	254524	254534	11	NA	+	1	4	X11+0	NA	0A/0C/0G/1T	ttttttttttt
seq	ABCC	Short_Tandem_Repeat	256915	256927	13	NA	+	1	4	X13+0	NA	0A/0C/0G/1T	ttttttttttttt
seq	ABCC	Short_Tandem_Repeat	257222	257232	11	NA	+	3	0	X3+2	NA	0A/1C/0G/2T	ttcttcttctt
seq	ABCC	Short_Tandem_Repeat	257495	257508	14	NA	+	3	0	X4+2	NA	1A/0C/0G/2T	ttattattattatt
seq	ABCC	Short_Tandem_Repeat	258842	258865	24	NA	+	1	4	X24+0	NA	0A/0C/0G/1T	tttttttttttttttttttttttt
seq	ABCC	Short_Tandem_Repeat	259602	259617	16	NA	+	4	1	X4+0	NA	0A/3C/0G/1T	tccctccctccctccc
seq	ABCC	Short_Tandem_Repeat	262798	262807	10	NA	+	3	6	X3+1	NA	0A/0C/2G/1T	gtggtggtgg
seq	ABCC	Short_Tandem_Repeat	263750	263759	10	NA	+	2	3	X5+0	NA	0A/0C/1G/1T	tgtgtgtgtg
seq	ABCC	Short_Tandem_Repeat	264886	264907	22	NA	+	1	4	X22+0	NA	1A/0C/0G/0T	aaaaaaaaaaaaaaaaaaaaaa
seq	ABCC	Short_Tandem_Repeat	265814	265823	10	NA	+	1	4	X10+0	NA	0A/0C/0G/1T	tttttttttt
seq	ABCC	Short_Tandem_Repeat	266550	266561	12	NA	+	3	0	X4+0	NA	1A/0C/0G/2T	attattattatt
seq	ABCC	Short_Tandem_Repeat	266680	266689	10	NA	+	3	0	X3+1	NA	2A/0C/0G/1T	taataataat
seq	ABCC	Short_Tandem_Repeat	269946	269956	11	NA	+	2	3	X5+1	NA	1A/1C/0G/0T	acacacacaca
seq	ABCC	Short_Tandem_Repeat	270037	270049	13	NA	+	2	1	X6+1	NA	0A/1C/0G/1T	tctctctctctct
seq	ABCC	Short_Tandem_Repeat	271121	271132	12	NA	+	3	0	X4+0	NA	0A/0C/1G/2T	ttgttgttgttg
seq	ABCC	Short_Tandem_Repeat	274672	274683	12	NA	+	2	3	X6+0	NA	0A/0C/1G/1T	tgtgtgtgtgtg
seq	ABCC	Short_Tandem_Repeat	274683	274724	42	NA	+	2	1	X21+0	NA	1A/0C/1G/0T	gagagagagagagagagagagagagagagagagagagagaga
seq	ABCC	Short_Tandem_Repeat	275692	275704	13	NA	+	3	2	X4+1	NA	1A/1C/0G/1T	catcatcatcatc
seq	ABCC	Short_Tandem_Repeat	277199	277209	11	NA	+	2	3	X5+1	NA	1A/1C/0G/0T	acacacacaca
seq	ABCC	Short_Tandem_Repeat	279998	280012	15	NA	+	4	1	X3+3	NA	1A/0C/0G/3T	tttatttatttattt
seq	ABCC	Short_Tandem_Repeat	283493	283517	25	NA	+	5	0	X5+0	NA	4A/0C/0G/1T	taaaataaaataaaataaaataaaa
seq	ABCC	Short_Tandem_Repeat	286123	286133	11	NA	+	2	1	X5+1	NA	1A/0C/1G/0T	agagagagaga
seq	ABCC	Short_Tandem_Repeat	293487	293499	13	NA	+	4	1	X3+1	NA	0A/2C/0G/2T	ttccttccttcct
seq	ABCC	Short_Tandem_Repeat	293513	293532	20	NA	+	4	1	X5+0	NA	0A/2C/0G/2T	ttccttccttccttccttcc
seq	ABCC	Short_Tandem_Repeat	293573	293585	13	NA	+	2	1	X6+1	NA	0A/1C/0G/1T	tctctctctctct
seq	ABCC	Short_Tandem_Repeat	293593	293602	10	NA	+	3	4	X3+1	NA	0A/1C/0G/2T	tcttcttctt
seq	ABCC	Short_Tandem_Repeat	295318	295327	10	NA	+	3	0	X3+1	NA	1A/0C/2G/0T	ggaggaggag
seq	ABCC	Short_Tandem_Repeat	298689	298703	15	NA	+	1	4	X15+0	NA	0A/0C/0G/1T	ttttttttttttttt
seq	ABCC	Short_Tandem_Repeat	299993	300002	10	NA	+	3	0	X3+1	NA	0A/2C/0G/1T	cctcctcctc
seq	ABCC	Short_Tandem_Repeat	303696	303707	12	NA	+	4	5	X3+0	NA	0A/2C/0G/2T	tccttccttcct
seq	ABCC	Short_Tandem_Repeat	304981	304993	13	NA	+	2	1	X6+1	NA	1A/0C/1G/0T	gagagagagagag
seq	ABCC	Short_Tandem_Repeat	305549	305558	10	NA	+	1	4	X10+0	NA	0A/0C/0G/1T	tttttttttt
seq	ABCC	Short_Tandem_Repeat	308022	308033	12	NA	+	4	1	X3+0	NA	1A/1C/0G/2T	tcattcattcat
seq	ABCC	Short_Tandem_Repeat	308047	308061	15	NA	+	4	1	X3+3	NA	1A/1C/0G/2T	ttcattcattcattc
seq	ABCC	Short_Tandem_Repeat	308400	308412	13	NA	+	2	3	X6+1	NA	0A/0C/1G/1T	tgtgtgtgtgtgt
seq	ABCC	Short_Tandem_Repeat	310682	310699	18	NA	+	5	0	X3+3	NA	4A/0C/1G/0T	aaaagaaaagaaaagaaa
seq	ABCC	Short_Tandem_Repeat	313102	313111	10	NA	+	3	4	X3+1	NA	0A/2C/0G/1T	ctcctcctcc
seq	ABCC	Short_Tandem_Repeat	313869	313878	10	NA	+	3	6	X3+1	NA	0A/0C/2G/1T	gtggtggtgg
seq	ABCC	Short_Tandem_Repeat	314008	314023	16	NA	+	4	1	X4+0	NA	3A/0C/0G/1T	aataaataaataaata
seq	ABCC	Short_Tandem_Repeat	315072	315083	12	NA	+	3	0	X4+0	NA	0A/0C/1G/2T	gttgttgttgtt
seq	ABCC	Short_Tandem_Repeat	315516	315537	22	NA	+	1	4	X22+0	NA	1A/0C/0G/0T	aaaaaaaaaaaaaaaaaaaaaa
seq	ABCC	Short_Tandem_Repeat	317428	317444	17	NA	+	4	1	X4+1	NA	1A/0C/0G/3T	tatttatttatttattt
seq	ABCC	Short_Tandem_Repeat	318911	318926	16	NA	+	4	1	X4+0	NA	1A/1C/0G/2T	cattcattcattcatt
seq	ABCC	Short_Tandem_Repeat	319160	319173	14	NA	+	4	1	X3+2	NA	3A/0C/1G/0T	aaagaaagaaagaa
seq	ABCC	Short_Tandem_Repeat	320192	320206	15	NA	+	1	4	X15+0	NA	0A/0C/0G/1T	ttttttttttttttt
seq	ABCC	Short_Tandem_Repeat	320209	320219	11	NA	+	1	4	X11+0	NA	0A/0C/0G/1T	ttttttttttt
seq	ABCC	Short_Tandem_Repeat	321562	321585	24	NA	+	1	4	X24+0	NA	0A/0C/0G/1T	tttttttttttttttttttttttt
seq	ABCC	Short_Tandem_Repeat	325929	325943	15	NA	+	2	1	X7+1	NA	0A/1C/0G/1T	tctctctctctctct
seq	ABCC	Short_Tandem_Repeat	327915	327924	10	NA	+	2	1	X5+0	NA	1A/0C/1G/0T	gagagagaga
seq	ABCC	Short_Tandem_Repeat	329905	329921	17	NA	+	2	3	X8+1	NA	0A/0C/1G/1T	gtgtgtgtgtgtgtgtg
seq	ABCC	Short_Tandem_Repeat	333030	333049	20	NA	+	1	4	X20+0	NA	1A/0C/0G/0T	aaaaaaaaaaaaaaaaaaaa
seq	ABCC	Short_Tandem_Repeat	334906	334915	10	NA	+	1	4	X10+0	NA	0A/0C/0G/1T	tttttttttt
seq	ABCC	Short_Tandem_Repeat	337341	337359	19	NA	+	2	3	X9+1	NA	0A/0C/1G/1T	gtgtgtgtgtgtgtgtgtg
seq	ABCC	Short_Tandem_Repeat	337363	337376	14	NA	+	2	3	X7+0	NA	0A/0C/1G/1T	gtgtgtgtgtgtgt
seq	ABCC	Short_Tandem_Repeat	338847	338863	17	NA	+	1	4	X17+0	NA	1A/0C/0G/0T	aaaaaaaaaaaaaaaaa
seq	ABCC	Short_Tandem_Repeat	339993	340003	11	NA	+	2	1	X5+1	NA	1A/0C/1G/0T	gagagagagag
seq	ABCC	Short_Tandem_Repeat	341154	341175	22	NA	+	1	4	X22+0	NA	1A/0C/0G/0T	aaaaaaaaaaaaaaaaaaaaaa
seq	ABCC	Short_Tandem_Repeat	341173	341198	26	NA	+	4	1	X6+2	NA	3A/0C/1G/0T	aaagaaagaaagaaagaaagaaagaa
seq	ABCC	Short_Tandem_Repeat	341803	341812	10	NA	+	1	4	X10+0	NA	1A/0C/0G/0T	aaaaaaaaaa
seq	ABCC	Short_Tandem_Repeat	341878	341889	12	NA	+	4	1	X3+0	NA	0A/1C/0G/3T	tttctttctttc
seq	ABCC	Short_Tandem_Repeat	342407	342427	21	NA	+	5	0	X4+1	NA	0A/0C/1G/4T	tgttttgttttgttttgtttt
seq	ABCC	Short_Tandem_Repeat	343396	343405	10	NA	+	3	0	X3+1	NA	2A/0C/0G/1T	taataataat
seq	ABCC	Short_Tandem_Repeat	344607	344624	18	NA	+	2	3	X9+0	NA	0A/0C/1G/1T	tgtgtgtgtgtgtgtgtg
seq	ABCC	Short_Tandem_Repeat	347408	347419	12	NA	+	3	6	X4+0	NA	2A/0C/0G/1T	ataataataata
seq	ABCC	Short_Tandem_Repeat	352330	352342	13	NA	+	3	6	X4+1	NA	2A/0C/0G/1T	ataataataataa
seq	ABCC	Short_Tandem_Repeat	352338	352398	61	NA	+	5	4	X12+1	NA	4A/0C/0G/1T	aataaaataaaataaaataaaataaaataaaataaaataaaataaaataaaataaaataaa
seq	ABCC	Short_Tandem_Repeat	354819	354833	15	NA	+	4	1	X3+3	NA	3A/0C/0G/1T	aaataaataaataaa
seq	ABCC	Short_Tandem_Repeat	354827	354846	20	NA	+	5	0	X4+0	NA	4A/0C/0G/1T	aaataaaataaaataaaata
seq	ABCC	Short_Tandem_Repeat	354851	354871	21	NA	+	4	1	X5+1	NA	2A/0C/2G/0T	aaggaaggaaggaaggaagga
seq	ABCC	Short_Tandem_Repeat	356341	356350	10	NA	+	3	4	X3+1	NA	0A/2C/0G/1T	ctcctcctcc
seq	ABCC	Short_Tandem_Repeat	356388	356400	13	NA	+	1	4	X13+0	NA	1A/0C/0G/0T	aaaaaaaaaaaaa
seq	ABCC	Short_Tandem_Repeat	356480	356492	13	NA	+	4	1	X3+1	NA	2A/0C/2G/0T	aaggaaggaagga
seq	ABCC	Short_Tandem_Repeat	357021	357032	12	NA	+	1	4	X12+0	NA	1A/0C/0G/0T	aaaaaaaaaaaa
seq	ABCC	Short_Tandem_Repeat	359124	359133	10	NA	+	3	0	X3+1	NA	2A/0C/0G/1T	taataataat
seq	ABCC	Short_Tandem_Repeat	363446	363458	13	NA	+	3	6	X4+1	NA	2A/0C/0G/1T	ataataataataa
seq	ABCC	Short_Tandem_Repeat	363460	363475	16	NA	+	5	0	X3+1	NA	4A/0C/0G/1T	ataaaataaaataaaa
seq	ABCC	Short_Tandem_Repeat	364716	364726	11	NA	+	3	0	X3+2	NA	1A/0C/0G/2T	ttattattatt
seq	ABCC	Short_Tandem_Repeat	366628	366639	12	NA	+	4	1	X3+0	NA	1A/0C/0G/3T	tttatttattta
seq	ABCC	Short_Tandem_Repeat	367068	367090	23	NA	+	2	3	X11+1	NA	1A/1C/0G/0T	cacacacacacacacacacacac
seq	ABCC	Short_Tandem_Repeat	369553	369566	14	NA	+	2	1	X7+0	NA	0A/1C/0G/1T	tctctctctctctc
seq	ABCC	Short_Tandem_Repeat	369833	369848	16	NA	+	4	1	X4+0	NA	0A/0C/1G/3T	gtttgtttgtttgttt
seq	ABCC	Short_Tandem_Repeat	372393	372409	17	NA	+	1	4	X17+0	NA	1A/0C/0G/0T	aaaaaaaaaaaaaaaaa
seq	ABCC	Short_Tandem_Repeat	373198	373207	10	NA	+	2	1	X5+0	NA	1A/0C/1G/0T	agagagagag
seq	ABCC	Short_Tandem_Repeat	375263	375279	17	NA	+	2	11	X8+1	NA	1A/0C/0G/1T	tatatatatatatatat
seq	ABCC	Short_Tandem_Repeat	381036	381052	17	NA	+	1	4	X17+0	NA	1A/0C/0G/0T	aaaaaaaaaaaaaaaaa
seq	ABCC	Short_Tandem_Repeat	381052	381079	28	NA	+	2	11	X14+0	NA	1A/0C/0G/1T	atatatatatatatatatatatatatat
seq	ABCC	Short_Tandem_Repeat	384661	384701	41	NA	+	5	0	X8+1	NA	0A/0C/1G/4T	tttgttttgttttgttttgttttgttttgttttgttttgtt
seq	ABCC	Short_Tandem_Repeat	389274	389284	11	NA	+	2	1	X5+1	NA	1A/0C/1G/0T	gagagagagag
seq	ABCC	Short_Tandem_Repeat	393289	393300	12	NA	+	3	0	X4+0	NA	2A/0C/1G/0T	aagaagaagaag
seq	ABCC	Short_Tandem_Repeat	397262	397276	15	NA	+	2	3	X7+1	NA	1A/1C/0G/0T	cacacacacacacac
seq	ABCC	Short_Tandem_Repeat	397287	397300	14	NA	+	2	3	X7+0	NA	1A/1C/0G/0T	acacacacacacac
seq	ABCC	Short_Tandem_Repeat	398205	398214	10	NA	+	2	1	X5+0	NA	1A/0C/1G/0T	gagagagaga
seq	ABCC	Short_Tandem_Repeat	398935	398962	28	NA	+	5	0	X5+3	NA	0A/0C/1G/4T	ttttgttttgttttgttttgttttgttt
seq	ABCC	Short_Tandem_Repeat	399171	399185	15	NA	+	1	4	X15+0	NA	1A/0C/0G/0T	aaaaaaaaaaaaaaa
seq	ABCC	Short_Tandem_Repeat	399183	399195	13	NA	+	4	1	X3+1	NA	3A/1C/0G/0T	aaacaaacaaaca
seq	ABCC	Short_Tandem_Repeat	399667	399682	16	NA	+	1	4	X16+0	NA	1A/0C/0G/0T	aaaaaaaaaaaaaaaa
seq	ABCC	Short_Tandem_Repeat	401144	401153	10	NA	+	2	1	X5+0	NA	1A/0C/1G/0T	gagagagaga
seq	ABCC	Short_Tandem_Repeat	401458	401472	15	NA	+	4	1	X3+3	NA	0A/1C/0G/3T	tttctttctttcttt
seq	ABCC	Short_Tandem_Repeat	401470	401480	11	NA	+	1	4	X11+0	NA	0A/0C/0G/1T	ttttttttttt
seq	ABCC	Short_Tandem_Repeat	405876	405902	27	NA	+	1	4	X27+0	NA	0A/0C/0G/1T	ttttttttttttttttttttttttttt
seq	ABCC	Short_Tandem_Repeat	406237	406247	11	NA	+	3	0	X3+2	NA	0A/1C/0G/2T	ttcttcttctt
seq	ABCC	Short_Tandem_Repeat	406270	406284	15	NA	+	2	1	X7+1	NA	0A/1C/0G/1T	tctctctctctctct
seq	ABCC	Short_Tandem_Repeat	406284	406293	10	NA	+	1	4	X10+0	NA	0A/0C/0G/1T	tttttttttt
seq	ABCC	Short_Tandem_Repeat	407142	407159	18	NA	+	1	4	X18+0	NA	0A/0C/0G/1T	tttttttttttttttttt
seq	ABCC	Short_Tandem_Repeat	407487	407506	20	NA	+	2	1	X10+0	NA	0A/1C/0G/1T	tctctctctctctctctctc
seq	ABCC	Short_Tandem_Repeat	407511	407520	10	NA	+	2	3	X5+0	NA	1A/1C/0G/0T	cacacacaca
seq	ABCC	Short_Tandem_Repeat	407522	407532	11	NA	+	2	3	X5+1	NA	1A/1C/0G/0T	acacacacaca
seq	ABCC	Short_Tandem_Repeat	407534	407546	13	NA	+	2	3	X6+1	NA	1A/1C/0G/0T	acacacacacaca
seq	ABCC	Short_Tandem_Repeat	408598	408607	10	NA	+	1	4	X10+0	NA	1A/0C/0G/0T	aaaaaaaaaa
seq	ABCC	Short_Tandem_Repeat	408858	408867	10	NA	+	1	4	X10+0	NA	1A/0C/0G/0T	aaaaaaaaaa
seq	ABCC	Short_Tandem_Repeat	411089	411134	46	NA	+	2	3	X23+0	NA	0A/0C/1G/1T	tgtgtgtgtgtgtgtgtgtgtgtgtgtgtgtgtgtgtgtgtgtgtg
seq	ABCC	Short_Tandem_Repeat	413807	413817	11	NA	+	2	1	X5+1	NA	0A/1C/0G/1T	ctctctctctc
seq	ABCC	Short_Tandem_Repeat	414440	414449	10	NA	+	1	4	X10+0	NA	1A/0C/0G/0T	aaaaaaaaaa
seq	ABCC	Short_Tandem_Repeat	416867	416876	10	NA	+	3	6	X3+1	NA	2A/0C/0G/1T	ataataataa
seq	ABCC	Short_Tandem_Repeat	416901	416921	21	NA	+	1	4	X21+0	NA	0A/0C/0G/1T	ttttttttttttttttttttt
seq	ABCC	Short_Tandem_Repeat	418621	418632	12	NA	+	1	4	X12+0	NA	1A/0C/0G/0T	aaaaaaaaaaaa
seq	ABCC	Short_Tandem_Repeat	419029	419047	19	NA	+	1	4	X19+0	NA	1A/0C/0G/0T	aaaaaaaaaaaaaaaaaaa
seq	ABCC	Short_Tandem_Repeat	420648	420658	11	NA	+	3	0	X3+2	NA	0A/0C/1G/2T	ttgttgttgtt
seq	ABCC	Short_Tandem_Repeat	424438	424447	10	NA	+	1	4	X10+0	NA	1A/0C/0G/0T	aaaaaaaaaa
seq	ABCC	Short_Tandem_Repeat	424892	424906	15	NA	+	1	4	X15+0	NA	0A/0C/0G/1T	ttttttttttttttt
seq	ABCC	Short_Tandem_Repeat	428615	428628	14	NA	+	4	1	X3+2	NA	2A/0C/1G/1T	atagatagatagat
seq	ABCC	Short_Tandem_Repeat	428629	428643	15	NA	+	4	1	X3+3	NA	2A/0C/1G/1T	gatagatagatagat
seq	ABCC	Short_Tandem_Repeat	428644	428683	40	NA	+	4	1	X10+0	NA	2A/0C/1G/1T	gatagatagatagatagatagatagatagatagatagata
seq	ABCC	Short_Tandem_Repeat	429499	429512	14	NA	+	3	0	X4+2	NA	0A/0C/1G/2T	ttgttgttgttgtt
seq	ABCC	Short_Tandem_Repeat	430102	430132	31	NA	+	2	3	X15+1	NA	0A/0C/1G/1T	tgtgtgtgtgtgtgtgtgtgtgtgtgtgtgt
seq	ABCC	Short_Tandem_Repeat	430604	430623	20	NA	+	1	4	X20+0	NA	0A/0C/0G/1T	tttttttttttttttttttt
seq	ABCC	Short_Tandem_Repeat	431343	431352	10	NA	+	3	0	X3+1	NA	1A/1C/0G/1T	atcatcatca
seq	ABCC	Short_Tandem_Repeat	434511	434527	17	NA	+	1	4	X17+0	NA	0A/0C/0G/1T	ttttttttttttttttt
seq	ABCC	Short_Tandem_Repeat	434861	434889	29	NA	+	2	3	X14+1	NA	1A/1C/0G/0T	acacacacacacacacacacacacacaca
seq	ABCC	Short_Tandem_Repeat	436380	436403	24	NA	+	1	4	X24+0	NA	1A/0C/0G/0T	aaaaaaaaaaaaaaaaaaaaaaaa
seq	ABCC	Short_Tandem_Repeat	438282	438291	10	NA	+	3	0	X3+1	NA	0A/2C/0G/1T	tcctcctcct
seq	ABCC	Short_Tandem_Repeat	438830	438839	10	NA	+	1	4	X10+0	NA	1A/0C/0G/0T	aaaaaaaaaa
seq	ABCC	Short_Tandem_Repeat	438962	438972	11	NA	+	3	0	X3+2	NA	1A/0C/2G/0T	aggaggaggag
seq	ABCC	Short_Tandem_Repeat	440012	440055	44	NA	+	4	1	X11+0	NA	1A/0C/2G/1T	ggatggatggatggatggatggatggatggatggatggatggat
seq	ABCC	Short_Tandem_Repeat	441551	441587	37	NA	+	2	3	X18+1	NA	1A/1C/0G/0T	cacacacacacacacacacacacacacacacacacac
seq	ABCC	Short_Tandem_Repeat	441956	441986	31	NA	+	2	3	X15+1	NA	1A/1C/0G/0T	acacacacacacacacacacacacacacaca
seq	ABCC	Short_Tandem_Repeat	442221	442232	12	NA	+	4	1	X3+0	NA	1A/1C/2G/0T	caggcaggcagg
seq	ABCC	Short_Tandem_Repeat	442502	442511	10	NA	+	3	0	X3+1	NA	1A/0C/0G/2T	attattatta
seq	ABCC	Short_Tandem_Repeat	442744	442759	16	NA	+	5	0	X3+1	NA	1A/0C/0G/4T	tattttattttatttt
seq	ABCC	Short_Tandem_Repeat	444006	444020	15	NA	+	4	1	X3+3	NA	0A/0C/1G/3T	tttgtttgtttgttt
seq	ABCC	Short_Tandem_Repeat	444585	444594	10	NA	+	1	4	X10+0	NA	1A/0C/0G/0T	aaaaaaaaaa
seq	ABCC	Short_Tandem_Repeat	445128	445138	11	NA	+	2	3	X5+1	NA	1A/1C/0G/0T	cacacacacac
seq	ABCC	Short_Tandem_Repeat	445585	445594	10	NA	+	2	1	X5+0	NA	0A/1C/0G/1T	ctctctctct
seq	ABCC	Short_Tandem_Repeat	446120	446130	11	NA	+	3	0	X3+2	NA	0A/0C/1G/2T	ttgttgttgtt
seq	ABCC	Short_Tandem_Repeat	446285	446301	17	NA	+	5	0	X3+2	NA	1A/0C/0G/4T	ttttattttattttatt
seq	ABCC	Short_Tandem_Repeat	446297	446309	13	NA	+	3	0	X4+1	NA	1A/0C/0G/2T	ttattattattat
seq	ABCC	Short_Tandem_Repeat	451353	451362	10	NA	+	3	0	X3+1	NA	1A/0C/2G/0T	ggaggaggag
seq	ABCC	Short_Tandem_Repeat	451914	451925	12	NA	+	4	1	X3+0	NA	1A/1C/2G/0T	aggcaggcaggc
seq	ABCC	Short_Tandem_Repeat	452504	452515	12	NA	+	2	11	X6+0	NA	1A/0C/0G/1T	tatatatatata
seq	ABCC	Short_Tandem_Repeat	452524	452539	16	NA	+	2	11	X8+0	NA	1A/0C/0G/1T	atatatatatatatat
seq	ABCC	Short_Tandem_Repeat	452539	452549	11	NA	+	1	4	X11+0	NA	0A/0C/0G/1T	ttttttttttt
seq	ABCC	Short_Tandem_Repeat	453437	453447	11	NA	+	2	1	X5+1	NA	1A/0C/1G/0T	agagagagaga
seq	ABCC	Short_Tandem_Repeat	453457	453471	15	NA	+	2	1	X7+1	NA	1A/0C/1G/0T	agagagagagagaga
seq	ABCC	Short_Tandem_Repeat	453473	453483	11	NA	+	2	1	X5+1	NA	1A/0C/1G/0T	agagagagaga
seq	ABCC	Short_Tandem_Repeat	465238	465250	13	NA	+	4	1	X3+1	NA	2A/0C/2G/0T	aaggaaggaagga
seq	ABCC	Short_Tandem_Repeat	466243	466256	14	NA	+	1	4	X14+0	NA	1A/0C/0G/0T	aaaaaaaaaaaaaa
seq	ABCC	Short_Tandem_Repeat	466709	466719	11	NA	+	1	4	X11+0	NA	1A/0C/0G/0T	aaaaaaaaaaa
seq	ABCC	Short_Tandem_Repeat	472950	472978	29	NA	+	2	3	X14+1	NA	0A/0C/1G/1T	gtgtgtgtgtgtgtgtgtgtgtgtgtgtg
seq	ABCC	Short_Tandem_Repeat	472978	472995	18	NA	+	2	1	X9+0	NA	1A/0C/1G/0T	gagagagagagagagaga
seq	ABCC	Short_Tandem_Repeat	473007	473017	11	NA	+	2	1	X5+1	NA	1A/0C/1G/0T	agagagagaga
seq	ABCC	Short_Tandem_Repeat	474037	474046	10	NA	+	3	6	X3+1	NA	0A/0C/2G/1T	gtggtggtgg
seq	ABCC	Short_Tandem_Repeat	476164	476179	16	NA	+	4	1	X4+0	NA	0A/0C/1G/3T	tttgtttgtttgtttg
seq	ABCC	Short_Tandem_Repeat	476904	476915	12	NA	+	4	1	X3+0	NA	0A/0C/1G/3T	tgtttgtttgtt
seq	ABCC	Short_Tandem_Repeat	477255	477266	12	NA	+	3	0	X4+0	NA	1A/2C/0G/0T	ccaccaccacca
seq	ABCC	Short_Tandem_Repeat	477923	477935	13	NA	+	4	1	X3+1	NA	2A/0C/1G/1T	tgaatgaatgaat
seq	ABCC	Short_Tandem_Repeat	478159	478170	12	NA	+	4	1	X3+0	NA	0A/2C/1G/1T	cctgcctgcctg
seq	ABCC	Short_Tandem_Repeat	479864	479907	44	NA	+	2	3	X22+0	NA	1A/1C/0G/0T	acacacacacacacacacacacacacacacacacacacacacac
seq	ABCC	Short_Tandem_Repeat	481752	481767	16	NA	+	4	1	X4+0	NA	1A/0C/0G/3T	tttatttatttattta
seq	ABCC	Short_Tandem_Repeat	481927	481938	12	NA	+	3	0	X4+0	NA	1A/0C/0G/2T	attattattatt
seq	ABCC	Short_Tandem_Repeat	483255	483266	12	NA	+	4	1	X3+0	NA	1A/0C/0G/3T	atttatttattt
seq	ABCC	Short_Tandem_Repeat	486291	486300	10	NA	+	3	0	X3+1	NA	2A/0C/1G/0T	aagaagaaga
seq	ABCC	Short_Tandem_Repeat	489308	489318	11	NA	+	3	0	X3+2	NA	0A/0C/2G/1T	ggtggtggtgg
seq	ABCC	Short_Tandem_Repeat	489954	489970	17	NA	+	4	1	X4+1	NA	3A/0C/1G/0T	aaagaaagaaagaaaga
seq	ABCC	Short_Tandem_Repeat	489968	489978	11	NA	+	2	1	X5+1	NA	1A/0C/1G/0T	agagagagaga
seq	ABCC	Short_Tandem_Repeat	489980	489994	15	NA	+	2	1	X7+1	NA	1A/0C/1G/0T	agagagagagagaga
seq	ABCC	Short_Tandem_Repeat	490006	490075	70	NA	+	4	1	X17+2	NA	3A/0C/1G/0T	aagaaagaaagaaagaaagaaagaaagaaagaaagaaagaaagaaagaaagaaagaaagaaagaaagaaa
seq	ABCC	Short_Tandem_Repeat	490074	490092	19	NA	+	4	1	X4+3	NA	3A/0C/1G/0T	aaagaaagaaagaaagaaa
seq	ABCC	Short_Tandem_Repeat	491428	491443	16	NA	+	1	4	X16+0	NA	1A/0C/0G/0T	aaaaaaaaaaaaaaaa
seq	ABCC	Short_Tandem_Repeat	491576	491609	34	NA	+	2	3	X17+0	NA	1A/1C/0G/0T	cacacacacacacacacacacacacacacacaca
seq	ABCC	Short_Tandem_Repeat	493543	493561	19	NA	+	4	1	X4+3	NA	1A/0C/0G/3T	tttatttatttatttattt
seq	ABCC	Short_Tandem_Repeat	494311	494321	11	NA	+	3	0	X3+2	NA	2A/1C/0G/0T	aacaacaacaa
seq	ABCC	Short_Tandem_Repeat	495463	495484	22	NA	+	2	1	X11+0	NA	0A/1C/0G/1T	ctctctctctctctctctctct
seq	ABCC	Short_Tandem_Repeat	495693	495707	15	NA	+	1	4	X15+0	NA	0A/0C/0G/1T	ttttttttttttttt
seq	ABCC	Short_Tandem_Repeat	496888	496897	10	NA	+	3	6	X3+1	NA	1A/0C/0G/2T	tattattatt
seq	ABCC	Short_Tandem_Repeat	497626	497635	10	NA	+	3	2	X3+1	NA	1A/0C/1G/1T	atgatgatga
seq	ABCC	Short_Tandem_Repeat	497919	497928	10	NA	+	3	6	X3+1	NA	2A/0C/0G/1T	ataataataa
seq	ABCC	Short_Tandem_Repeat	499083	499096	14	NA	+	1	4	X14+0	NA	1A/0C/0G/0T	aaaaaaaaaaaaaa
seq	ABCC	Short_Tandem_Repeat	499095	499111	17	NA	+	3	0	X5+2	NA	2A/0C/1G/0T	aagaagaagaagaagaa
seq	ABCC	Short_Tandem_Repeat	499125	499137	13	NA	+	4	1	X3+1	NA	3A/0C/1G/0T	aaagaaagaaaga
seq	ABCC	Short_Tandem_Repeat	500304	500315	12	NA	+	4	1	X3+0	NA	0A/2C/1G/1T	gcctgcctgcct
seq	ABCC	Short_Tandem_Repeat	500737	500746	10	NA	+	3	4	X3+1	NA	0A/2C/0G/1T	ctcctcctcc
seq	ABCC	Short_Tandem_Repeat	505786	505795	10	NA	+	1	4	X10+0	NA	1A/0C/0G/0T	aaaaaaaaaa
seq	ABCC	Short_Tandem_Repeat	506317	506326	10	NA	+	3	0	X3+1	NA	0A/1C/1G/1T	gctgctgctg
seq	ABCC	Short_Tandem_Repeat	506683	506692	10	NA	+	1	4	X10+0	NA	0A/0C/0G/1T	tttttttttt
seq	ABCC	Short_Tandem_Repeat	507152	507166	15	NA	+	3	0	X5+0	NA	2A/0C/0G/1T	aataataataataat
seq	ABCC	Short_Tandem_Repeat	507477	507491	15	NA	+	4	1	X3+3	NA	1A/0C/2G/1T	tgagtgagtgagtga
seq	ABCC	Short_Tandem_Repeat	507794	507860	67	NA	+	3	0	X22+1	NA	2A/0C/1G/0T	gaagaagaagaagaagaagaagaagaagaagaagaagaagaagaagaagaagaagaagaagaagaag
seq	ABCC	Short_Tandem_Repeat	507859	507929	71	NA	+	3	0	X23+2	NA	1A/0C/2G/0T	aggaggaggaggaggaggaggaggaggaggaggaggaggaggaggaggaggaggaggaggaggaggaggag
seq	ABCC	Short_Tandem_Repeat	508984	508995	12	NA	+	4	1	X3+0	NA	1A/1C/0G/2T	tcattcattcat
seq	ABCC	Short_Tandem_Repeat	510635	510646	12	NA	+	3	6	X4+0	NA	1A/0C/0G/2T	tattattattat
seq	ABCC	Short_Tandem_Repeat	510954	510972	19	NA	+	3	0	X6+1	NA	2A/0C/0G/1T	aataataataataataata
seq	ABCC	Short_Tandem_Repeat	511618	511627	10	NA	+	3	0	X3+1	NA	1A/1C/1G/0T	cagcagcagc
seq	ABCC	Short_Tandem_Repeat	518152	518174	23	NA	+	4	1	X5+3	NA	3A/0C/0G/1T	aaataaataaataaataaataaa
seq	ABCC	Short_Tandem_Repeat	519775	519787	13	NA	+	3	6	X4+1	NA	2A/0C/0G/1T	ataataataataa
seq	ABCC	Short_Tandem_Repeat	519791	519811	21	NA	+	5	4	X4+1	NA	4A/0C/0G/1T	aataaaataaaataaaataaa
seq	ABCC	Short_Tandem_Repeat	521475	521491	17	NA	+	1	4	X17+0	NA	1A/0C/0G/0T	aaaaaaaaaaaaaaaaa
seq	ABCC	Short_Tandem_Repeat	522580	522589	10	NA	+	3	4	X3+1	NA	2A/0C/1G/0T	agaagaagaa
seq	ABCC	Short_Tandem_Repeat	523223	523232	10	NA	+	1	4	X10+0	NA	1A/0C/0G/0T	aaaaaaaaaa
seq	ABCC	Short_Tandem_Repeat	523868	523877	10	NA	+	1	4	X10+0	NA	1A/0C/0G/0T	aaaaaaaaaa
seq	ABCC	Short_Tandem_Repeat	524010	524027	18	NA	+	1	4	X18+0	NA	0A/0C/0G/1T	tttttttttttttttttt
seq	ABCC	Short_Tandem_Repeat	524173	524189	17	NA	+	4	5	X4+1	NA	2A/0C/2G/0T	gaaggaaggaaggaagg
seq	ABCC	Short_Tandem_Repeat	524215	524227	13	NA	+	4	1	X3+1	NA	2A/0C/2G/0T	ggaaggaaggaag
seq	ABCC	Short_Tandem_Repeat	524229	524260	32	NA	+	4	1	X8+0	NA	1A/0C/3G/0T	agggagggagggagggagggagggagggaggg
seq	ABCC	Short_Tandem_Repeat	524282	524298	17	NA	+	5	0	X3+2	NA	2A/0C/3G/0T	aagggaagggaagggaa
seq	ABCC	Short_Tandem_Repeat	524372	524381	10	NA	+	2	1	X5+0	NA	1A/0C/1G/0T	agagagagag
seq	ABCC	Short_Tandem_Repeat	524394	524406	13	NA	+	4	1	X3+1	NA	2A/0C/2G/0T	ggaaggaaggaag
seq	ABCC	Short_Tandem_Repeat	524406	524418	13	NA	+	4	5	X3+1	NA	2A/0C/2G/0T	gaaggaaggaagg
seq	ABCC	Short_Tandem_Repeat	524489	524503	15	NA	+	4	1	X3+3	NA	1A/0C/3G/0T	agggagggagggagg
seq	ABCC	Short_Tandem_Repeat	524509	524521	13	NA	+	4	1	X3+1	NA	1A/0C/3G/0T	agggagggaggga
seq	ABCC	Short_Tandem_Repeat	524524	524539	16	NA	+	5	0	X3+1	NA	2A/0C/3G/0T	aagggaagggaaggga
seq	ABCC	Short_Tandem_Repeat	524535	524546	12	NA	+	4	1	X3+0	NA	1A/0C/3G/0T	agggagggaggg
seq	ABCC	Short_Tandem_Repeat	524550	524562	13	NA	+	4	1	X3+1	NA	1A/0C/3G/0T	gagggagggaggg
seq	ABCC	Short_Tandem_Repeat	524608	524628	21	NA	+	4	1	X5+1	NA	1A/0C/3G/0T	agggagggagggagggaggga
seq	ABCC	Short_Tandem_Repeat	525026	525038	13	NA	+	2	3	X6+1	NA	0A/0C/1G/1T	gtgtgtgtgtgtg
seq	ABCC	Short_Tandem_Repeat	525043	525055	13	NA	+	4	1	X3+1	NA	0A/1C/3G/0T	gcgggcgggcggg
seq	ABCC	Short_Tandem_Repeat	526008	526020	13	NA	+	4	1	X3+1	NA	2A/0C/2G/0T	ggaaggaaggaag
seq	ABCC	Short_Tandem_Repeat	526053	526067	15	NA	+	5	0	X3+0	NA	1A/0C/4G/0T	gggaggggaggggag
seq	ABCC	Short_Tandem_Repeat	526065	526076	12	NA	+	2	1	X6+0	NA	1A/0C/1G/0T	gagagagagaga
seq	ABCC	Short_Tandem_Repeat	526082	526094	13	NA	+	4	1	X3+1	NA	3A/0C/1G/0T	agaaagaaagaaa
seq	ABCC	Short_Tandem_Repeat	526100	526111	12	NA	+	4	1	X3+0	NA	3A/0C/1G/0T	aaagaaagaaag
seq	ABCC	Short_Tandem_Repeat	526117	526153	37	NA	+	4	1	X9+1	NA	3A/0C/1G/0T	agaaagaaagaaagaaagaaagaaagaaagaaagaaa
seq	ABCC	Short_Tandem_Repeat	526159	526174	16	NA	+	4	1	X4+0	NA	3A/0C/1G/0T	aaagaaagaaagaaag
seq	ABCC	Short_Tandem_Repeat	526737	526748	12	NA	+	4	1	X3+0	NA	1A/1C/0G/2T	tcattcattcat
seq	ABCC	Short_Tandem_Repeat	529240	529251	12	NA	+	1	4	X12+0	NA	1A/0C/0G/0T	aaaaaaaaaaaa
seq	ABCC	Short_Tandem_Repeat	532560	532571	12	NA	+	1	4	X12+0	NA	1A/0C/0G/0T	aaaaaaaaaaaa
seq	ABCC	Short_Tandem_Repeat	533051	533073	23	NA	+	1	4	X23+0	NA	1A/0C/0G/0T	aaaaaaaaaaaaaaaaaaaaaaa
seq	ABCC	Short_Tandem_Repeat	534714	534735	22	NA	+	6	1	X3+4	NA	5A/0C/0G/1T	aaaataaaaataaaaataaaaa
seq	ABCC	Short_Tandem_Repeat	536898	536913	16	NA	+	1	4	X16+0	NA	1A/0C/0G/0T	aaaaaaaaaaaaaaaa
seq	ABCC	Short_Tandem_Repeat	538310	538322	13	NA	+	2	1	X6+1	NA	1A/0C/1G/0T	gagagagagagag
seq	ABCC	Short_Tandem_Repeat	541702	541716	15	NA	+	4	1	X3+3	NA	0A/1C/0G/3T	tttctttctttcttt
seq	ABCC	Short_Tandem_Repeat	542185	542195	11	NA	+	1	4	X11+0	NA	1A/0C/0G/0T	aaaaaaaaaaa
seq	ABCC	Short_Tandem_Repeat	543533	543542	10	NA	+	2	3	X5+0	NA	0A/0C/1G/1T	tgtgtgtgtg
seq	ABCC	Short_Tandem_Repeat	543819	543837	19	NA	+	5	0	X3+4	NA	0A/0C/1G/4T	ttttgttttgttttgtttt
seq	ABCC	Short_Tandem_Repeat	545718	545734	17	NA	+	1	4	X17+0	NA	1A/0C/0G/0T	aaaaaaaaaaaaaaaaa
seq	ABCC	Short_Tandem_Repeat	546287	546296	10	NA	+	2	3	X5+0	NA	1A/1C/0G/0T	acacacacac
seq	ABCC	Short_Tandem_Repeat	547021	547031	11	NA	+	1	4	X11+0	NA	1A/0C/0G/0T	aaaaaaaaaaa
seq	ABCC	Short_Tandem_Repeat	547195	547207	13	NA	+	4	1	X3+1	NA	1A/1C/2G/0T	ggcaggcaggcag
seq	ABCC	Short_Tandem_Repeat	550083	550094	12	NA	+	4	1	X3+0	NA	1A/2C/1G/0T	ccagccagccag
seq	ABCC	Short_Tandem_Repeat	550847	550879	33	NA	+	1	4	X33+0	NA	0A/0C/0G/1T	ttttttttttttttttttttttttttttttttt
seq	ABCC	Short_Tandem_Repeat	551701	551714	14	NA	+	4	1	X3+2	NA	3A/0C/0G/1T	aataaataaataaa
seq	ABCC	Short_Tandem_Repeat	552236	552245	10	NA	+	3	0	X3+1	NA	0A/1C/0G/2T	ttcttcttct
seq	ABCC	Short_Tandem_Repeat	552247	552270	24	NA	+	1	4	X24+0	NA	0A/0C/0G/1T	tttttttttttttttttttttttt
seq	ABCC	Short_Tandem_Repeat	553881	553901	21	NA	+	1	4	X21+0	NA	0A/0C/0G/1T	ttttttttttttttttttttt
seq	ABCC	Short_Tandem_Repeat	554893	554902	10	NA	+	3	0	X3+1	NA	0A/1C/0G/2T	cttcttcttc
seq	ABCC	Short_Tandem_Repeat	557815	557824	10	NA	+	3	6	X3+1	NA	2A/0C/0G/1T	ataataataa
seq	ABCC	Short_Tandem_Repeat	558633	558647	15	NA	+	2	3	X7+1	NA	1A/1C/0G/0T	acacacacacacaca
seq	ABCC	Short_Tandem_Repeat	558887	558908	22	NA	+	4	1	X5+2	NA	1A/0C/0G/3T	ttatttatttatttatttattt
seq	ABCC	Short_Tandem_Repeat	559413	559422	10	NA	+	1	4	X10+0	NA	1A/0C/0G/0T	aaaaaaaaaa
seq	ABCC	Short_Tandem_Repeat	559771	559782	12	NA	+	1	4	X12+0	NA	0A/0C/0G/1T	tttttttttttt
seq	ABCC	Short_Tandem_Repeat	560332	560342	11	NA	+	3	0	X3+2	NA	2A/1C/0G/0T	aacaacaacaa
seq	ABCC	Short_Tandem_Repeat	563767	563778	12	NA	+	1	4	X12+0	NA	1A/0C/0G/0T	aaaaaaaaaaaa
seq	ABCC	Short_Tandem_Repeat	564100	564109	10	NA	+	1	4	X10+0	NA	1A/0C/0G/0T	aaaaaaaaaa
seq	ABCC	Short_Tandem_Repeat	565938	565952	15	NA	+	4	1	X3+3	NA	3A/0C/1G/0T	aaagaaagaaagaaa
seq	ABCC	Short_Tandem_Repeat	566780	566790	11	NA	+	1	4	X11+0	NA	0A/0C/0G/1T	ttttttttttt
seq	ABCC	Short_Tandem_Repeat	567921	567933	13	NA	+	1	4	X13+0	NA	0A/0C/0G/1T	ttttttttttttt
seq	ABCC	Short_Tandem_Repeat	568240	568275	36	NA	+	2	3	X18+0	NA	0A/0C/1G/1T	gtgtgtgtgtgtgtgtgtgtgtgtgtgtgtgtgtgt
seq	ABCC	Short_Tandem_Repeat	568375	568385	11	NA	+	2	1	X5+1	NA	0A/1C/0G/1T	tctctctctct
seq	ABCC	Short_Tandem_Repeat	569063	569074	12	NA	+	3	6	X4+0	NA	0A/0C/2G/1T	gtggtggtggtg
seq	ABCC	Short_Tandem_Repeat	570116	570128	13	NA	+	4	1	X3+1	NA	1A/0C/2G/1T	gatggatggatgg
seq	ABCC	Short_Tandem_Repeat	570500	570516	17	NA	+	2	1	X8+1	NA	0A/1C/0G/1T	ctctctctctctctctc
seq	ABCC	Short_Tandem_Repeat	570527	570541	15	NA	+	5	6	X3+0	NA	2A/0C/0G/3T	tatattatattatat
seq	ABCC	Short_Tandem_Repeat	570606	570615	10	NA	+	2	3	X5+0	NA	0A/0C/1G/1T	gtgtgtgtgt
seq	ABCC	Short_Tandem_Repeat	570615	570625	11	NA	+	2	11	X5+1	NA	1A/0C/0G/1T	tatatatatat
seq	ABCC	Short_Tandem_Repeat	570880	570893	14	NA	+	4	1	X3+2	NA	1A/0C/2G/1T	gatggatggatgga
seq	ABCC	Short_Tandem_Repeat	570898	570911	14	NA	+	4	1	X3+2	NA	1A/0C/2G/1T	tggatggatggatg
seq	ABCC	Short_Tandem_Repeat	571770	571779	10	NA	+	3	6	X3+1	NA	0A/0C/2G/1T	gtggtggtgg
seq	ABCC	Short_Tandem_Repeat	571913	571924	12	NA	+	1	4	X12+0	NA	1A/0C/0G/0T	aaaaaaaaaaaa
seq	ABCC	Short_Tandem_Repeat	573054	573067	14	NA	+	2	3	X7+0	NA	0A/0C/1G/1T	tgtgtgtgtgtgtg
seq	ABCC	Short_Tandem_Repeat	574842	574854	13	NA	+	4	9	X3+1	NA	2A/0C/0G/2T	ttaattaattaat
seq	ABCC	Short_Tandem_Repeat	575696	575710	15	NA	+	4	1	X3+3	NA	0A/0C/1G/3T	tttgtttgtttgttt
seq	ABCC	Short_Tandem_Repeat	576372	576386	15	NA	+	4	1	X3+3	NA	0A/0C/1G/3T	tttgtttgtttgttt
seq	ABCC	Short_Tandem_Repeat	577571	577585	15	NA	+	1	4	X15+0	NA	1A/0C/0G/0T	aaaaaaaaaaaaaaa
seq	ABCC	Short_Tandem_Repeat	580628	580637	10	NA	+	1	4	X10+0	NA	1A/0C/0G/0T	aaaaaaaaaa
seq	ABCC	Short_Tandem_Repeat	581320	581335	16	NA	+	4	1	X4+0	NA	1A/0C/0G/3T	atttatttatttattt
seq	ABCC	Short_Tandem_Repeat	582968	582981	14	NA	+	3	0	X4+2	NA	0A/1C/0G/2T	ttcttcttcttctt
seq	ABCC	Short_Tandem_Repeat	583024	583056	33	NA	+	2	3	X16+1	NA	0A/0C/1G/1T	tgtgtgtgtgtgtgtgtgtgtgtgtgtgtgtgt
seq	ABCC	Short_Tandem_Repeat	583069	583079	11	NA	+	1	4	X11+0	NA	0A/0C/0G/1T	ttttttttttt
seq	ABCC	Short_Tandem_Repeat	583403	583420	18	NA	+	1	4	X18+0	NA	1A/0C/0G/0T	aaaaaaaaaaaaaaaaaa
seq	ABCC	Short_Tandem_Repeat	584252	584261	10	NA	+	2	3	X5+0	NA	0A/0C/1G/1T	gtgtgtgtgt
seq	ABCC	Short_Tandem_Repeat	584259	584271	13	NA	+	3	6	X4+1	NA	0A/0C/1G/2T	tgttgttgttgtt
seq	ABCC	Short_Tandem_Repeat	585638	585649	12	NA	+	2	3	X6+0	NA	1A/1C/0G/0T	acacacacacac
seq	ABCC	Short_Tandem_Repeat	586457	586466	10	NA	+	3	4	X3+1	NA	2A/0C/1G/0T	agaagaagaa
seq	ABCC	Short_Tandem_Repeat	586868	586877	10	NA	+	3	0	X3+1	NA	0A/0C/2G/1T	tggtggtggt
seq	ABCC	Short_Tandem_Repeat	587610	587622	13	NA	+	2	1	X6+1	NA	0A/1C/0G/1T	tctctctctctct
seq	ABCC	Short_Tandem_Repeat	589220	589231	12	NA	+	1	4	X12+0	NA	0A/0C/0G/1T	tttttttttttt
seq	ABCC	Short_Tandem_Repeat	589651	589663	13	NA	+	3	6	X4+1	NA	1A/0C/0G/2T	tattattattatt
seq	ABCC	Short_Tandem_Repeat	590056	590065	10	NA	+	3	0	X3+1	NA	2A/0C/0G/1T	aataataata
seq	ABCC	Short_Tandem_Repeat	590169	590179	11	NA	+	3	0	X3+2	NA	2A/0C/0G/1T	taataataata
seq	ABCC	Short_Tandem_Repeat	590347	590369	23	NA	+	4	1	X5+3	NA	0A/0C/1G/3T	tttgtttgtttgtttgtttgttt
seq	ABCC	Short_Tandem_Repeat	590492	590501	10	NA	+	2	3	X5+0	NA	1A/1C/0G/0T	cacacacaca
seq	ABCC	Short_Tandem_Repeat	593330	593339	10	NA	+	1	4	X10+0	NA	0A/0C/1G/0T	gggggggggg
seq	ABCC	Short_Tandem_Repeat	593467	593476	10	NA	+	3	6	X3+1	NA	2A/0C/0G/1T	ataataataa
seq	ABCC	Short_Tandem_Repeat	596600	596614	15	NA	+	4	1	X3+3	NA	1A/0C/0G/3T	tttatttatttattt
seq	ABCC	Short_Tandem_Repeat	596757	596768	12	NA	+	4	1	X3+0	NA	0A/3C/0G/1T	ccctccctccct
seq	ABCC	Short_Tandem_Repeat	597372	597382	11	NA	+	3	0	X3+2	NA	2A/0C/0G/1T	aataataataa
seq	ABCC	Short_Tandem_Repeat	597463	597475	13	NA	+	2	1	X6+1	NA	0A/1C/0G/1T	tctctctctctct
seq	ABCC	Short_Tandem_Repeat	597479	597506	28	NA	+	2	3	X14+0	NA	1A/1C/0G/0T	acacacacacacacacacacacacacac
seq	ABCC	Short_Tandem_Repeat	598029	598038	10	NA	+	3	0	X3+1	NA	2A/0C/0G/1T	taataataat
seq	ABCC	Short_Tandem_Repeat	600001	600010	10	NA	+	1	4	X10+0	NA	1A/0C/0G/0T	aaaaaaaaaa
seq	ABCC	Short_Tandem_Repeat	600406	600423	18	NA	+	1	4	X18+0	NA	0A/0C/0G/1T	tttttttttttttttttt
seq	ABCC	Short_Tandem_Repeat	603090	603104	15	NA	+	5	0	X3+0	NA	4A/1C/0G/0T	aaaacaaaacaaaac
seq	ABCC	Short_Tandem_Repeat	603685	603711	27	NA	+	4	1	X6+3	NA	3A/0C/0G/1T	aaataaataaataaataaataaataaa
seq	ABCC	Short_Tandem_Repeat	607143	607154	12	NA	+	4	1	X3+0	NA	1A/3C/0G/0T	ccacccacccac
seq	ABCC	Short_Tandem_Repeat	608143	608162	20	NA	+	1	4	X20+0	NA	0A/0C/0G/1T	tttttttttttttttttttt
seq	ABCC	Short_Tandem_Repeat	609157	609175	19	NA	+	5	0	X3+4	NA	0A/0C/1G/4T	ttttgttttgttttgtttt
seq	ABCC	Short_Tandem_Repeat	609189	609240	52	NA	+	5	0	X10+2	NA	1A/0C/0G/4T	ttttattttattttattttattttattttattttattttattttattttatt
seq	ABCC	Short_Tandem_Repeat	610061	610081	21	NA	+	1	4	X21+0	NA	0A/0C/0G/1T	ttttttttttttttttttttt
seq	ABCC	Short_Tandem_Repeat	610210	610219	10	NA	+	3	0	X3+1	NA	1A/2C/0G/0T	ccaccaccac
seq	ABCC	Short_Tandem_Repeat	610581	610594	14	NA	+	2	3	X7+0	NA	0A/0C/1G/1T	gtgtgtgtgtgtgt
seq	ABCC	Short_Tandem_Repeat	610596	610608	13	NA	+	2	3	X6+1	NA	0A/0C/1G/1T	tgtgtgtgtgtgt
seq	ABCC	Short_Tandem_Repeat	610614	610638	25	NA	+	2	3	X12+1	NA	0A/0C/1G/1T	tgtgtgtgtgtgtgtgtgtgtgtgt
seq	ABCC	Short_Tandem_Repeat	610789	610798	10	NA	+	2	1	X5+0	NA	0A/1C/0G/1T	tctctctctc
seq	ABCC	Short_Tandem_Repeat	611057	611075	19	NA	+	5	0	X3+4	NA	0A/0C/1G/4T	ttttgttttgttttgtttt
seq	ABCC	Short_Tandem_Repeat	611916	611928	13	NA	+	4	1	X3+1	NA	0A/1C/0G/3T	tttctttctttct
seq	ABCC	Short_Tandem_Repeat	612366	612375	10	NA	+	2	3	X5+0	NA	1A/1C/0G/0T	cacacacaca
seq	ABCC	Short_Tandem_Repeat	612432	612442	11	NA	+	1	4	X11+0	NA	1A/0C/0G/0T	aaaaaaaaaaa
seq	ABCC	Short_Tandem_Repeat	617593	617617	25	NA	+	1	4	X25+0	NA	0A/0C/0G/1T	ttttttttttttttttttttttttt
seq	ABCC	Short_Tandem_Repeat	618486	618500	15	NA	+	1	4	X15+0	NA	0A/0C/0G/1T	ttttttttttttttt
seq	ABCC	Short_Tandem_Repeat	620287	620302	16	NA	+	2	3	X8+0	NA	1A/1C/0G/0T	cacacacacacacaca
seq	ABCC	Short_Tandem_Repeat	622082	622094	13	NA	+	4	1	X3+1	NA	3A/0C/0G/1T	ataaataaataaa
seq	ABCC	Short_Tandem_Repeat	622092	622110	19	NA	+	4	1	X4+3	NA	3A/1C/0G/0T	aaacaaacaaacaaacaaa
seq	ABCC	Short_Tandem_Repeat	623118	623134	17	NA	+	1	4	X17+0	NA	0A/0C/0G/1T	ttttttttttttttttt
seq	ABCC	Short_Tandem_Repeat	623585	623604	20	NA	+	1	4	X20+0	NA	0A/0C/0G/1T	tttttttttttttttttttt
seq	ABCC	Short_Tandem_Repeat	625433	625451	19	NA	+	6	3	X3+1	NA	1A/0C/2G/3T	tgtgtatgtgtatgtgtat
seq	ABCC	Short_Tandem_Repeat	626205	626215	11	NA	+	1	4	X11+0	NA	1A/0C/0G/0T	aaaaaaaaaaa
seq	ABCC	Short_Tandem_Repeat	626987	627002	16	NA	+	1	4	X16+0	NA	1A/0C/0G/0T	aaaaaaaaaaaaaaaa
seq	ABCC	Short_Tandem_Repeat	627029	627040	12	NA	+	1	4	X12+0	NA	0A/0C/0G/1T	tttttttttttt
seq	ABCC	Short_Tandem_Repeat	627809	627818	10	NA	+	3	0	X3+1	NA	2A/1C/0G/0T	aacaacaaca
seq	ABCC	Short_Tandem_Repeat	628215	628224	10	NA	+	3	0	X3+1	NA	1A/0C/0G/2T	attattatta
seq	ABCC	Short_Tandem_Repeat	629322	629339	18	NA	+	1	4	X18+0	NA	1A/0C/0G/0T	aaaaaaaaaaaaaaaaaa
seq	ABCC	Short_Tandem_Repeat	632617	632626	10	NA	+	1	4	X10+0	NA	1A/0C/0G/0T	aaaaaaaaaa
seq	ABCC	Short_Tandem_Repeat	632622	632644	23	NA	+	6	1	X3+5	NA	5A/1C/0G/0T	aaaaacaaaaacaaaaacaaaaa
seq	ABCC	Short_Tandem_Repeat	634487	634502	16	NA	+	2	11	X8+0	NA	1A/0C/0G/1T	atatatatatatatat
seq	ABCC	Short_Tandem_Repeat	634724	634736	13	NA	+	2	11	X6+1	NA	1A/0C/0G/1T	atatatatatata
seq	ABCC	Short_Tandem_Repeat	634777	634787	11	NA	+	3	0	X3+2	NA	1A/0C/0G/2T	ttattattatt
seq	ABCC	Short_Tandem_Repeat	635396	635405	10	NA	+	3	0	X3+1	NA	1A/1C/0G/1T	tcatcatcat
seq	ABCC	Short_Tandem_Repeat	639504	639513	10	NA	+	1	4	X10+0	NA	1A/0C/0G/0T	aaaaaaaaaa
seq	ABCC	Short_Tandem_Repeat	639572	639581	10	NA	+	1	4	X10+0	NA	1A/0C/0G/0T	aaaaaaaaaa
seq	ABCC	Short_Tandem_Repeat	640481	640508	28	NA	+	6	1	X4+4	NA	5A/1C/0G/0T	aaaaacaaaaacaaaaacaaaaacaaaa
seq	ABCC	Short_Tandem_Repeat	640672	640681	10	NA	+	3	0	X3+1	NA	1A/0C/1G/1T	agtagtagta
seq	ABCC	Short_Tandem_Repeat	648517	648532	16	NA	+	1	4	X16+0	NA	1A/0C/0G/0T	aaaaaaaaaaaaaaaa
seq	ABCC	Short_Tandem_Repeat	649331	649340	10	NA	+	3	0	X3+1	NA	0A/2C/0G/1T	cctcctcctc
seq	ABCC	Short_Tandem_Repeat	650932	650941	10	NA	+	2	1	X5+0	NA	0A/1C/0G/1T	ctctctctct
seq	ABCC	Short_Tandem_Repeat	651788	651802	15	NA	+	1	4	X15+0	NA	1A/0C/0G/0T	aaaaaaaaaaaaaaa
seq	ABCC	Short_Tandem_Repeat	653186	653200	15	NA	+	1	4	X15+0	NA	1A/0C/0G/0T	aaaaaaaaaaaaaaa
seq	ABCC	Short_Tandem_Repeat	653200	653213	14	NA	+	2	11	X7+0	NA	1A/0C/0G/1T	atatatatatatat
seq	ABCC	Short_Tandem_Repeat	653218	653236	19	NA	+	2	3	X9+1	NA	1A/1C/0G/0T	acacacacacacacacaca
seq	ABCC	Short_Tandem_Repeat	653296	653305	10	NA	+	2	11	X5+0	NA	1A/0C/0G/1T	atatatatat
seq	ABCC	Short_Tandem_Repeat	653329	653346	18	NA	+	1	4	X18+0	NA	0A/0C/0G/1T	tttttttttttttttttt
seq	ABCC	Short_Tandem_Repeat	653541	653555	15	NA	+	1	4	X15+0	NA	0A/0C/0G/1T	ttttttttttttttt
seq	ABCC	Short_Tandem_Repeat	653841	653852	12	NA	+	1	4	X12+0	NA	1A/0C/0G/0T	aaaaaaaaaaaa
seq	ABCC	Short_Tandem_Repeat	654007	654016	10	NA	+	3	4	X3+1	NA	0A/1C/0G/2T	tcttcttctt
seq	ABCC	Short_Tandem_Repeat	654180	654189	10	NA	+	3	0	X3+1	NA	2A/0C/0G/1T	aataataata
seq	ABCC	Short_Tandem_Repeat	654274	654296	23	NA	+	1	4	X23+0	NA	0A/0C/0G/1T	ttttttttttttttttttttttt
seq	ABCC	Short_Tandem_Repeat	654923	654947	25	NA	+	6	1	X4+1	NA	0A/5C/0G/1T	ccctccccctccccctccccctccc
seq	ABCC	Short_Tandem_Repeat	656695	656705	11	NA	+	1	4	X11+0	NA	1A/0C/0G/0T	aaaaaaaaaaa
seq	ABCC	Short_Tandem_Repeat	657067	657078	12	NA	+	1	4	X12+0	NA	1A/0C/0G/0T	aaaaaaaaaaaa
seq	ABCC	Short_Tandem_Repeat	657443	657452	10	NA	+	3	0	X3+1	NA	1A/0C/1G/1T	tagtagtagt
seq	ABCC	Short_Tandem_Repeat	659529	659541	13	NA	+	1	4	X13+0	NA	1A/0C/0G/0T	aaaaaaaaaaaaa
seq	ABCC	Short_Tandem_Repeat	660017	660031	15	NA	+	4	1	X3+3	NA	3A/0C/0G/1T	aaataaataaataaa
seq	ABCC	Short_Tandem_Repeat	661731	661742	12	NA	+	1	4	X12+0	NA	1A/0C/0G/0T	aaaaaaaaaaaa
seq	ABCC	Short_Tandem_Repeat	662790	662799	10	NA	+	3	0	X3+1	NA	0A/0C/2G/1T	tggtggtggt
seq	ABCC	Short_Tandem_Repeat	663366	663390	25	NA	+	1	4	X25+0	NA	1A/0C/0G/0T	aaaaaaaaaaaaaaaaaaaaaaaaa
seq	ABCC	Short_Tandem_Repeat	663466	663476	11	NA	+	3	0	X3+2	NA	1A/0C/2G/0T	ggaggaggagg
seq	ABCC	Short_Tandem_Repeat	663553	663565	13	NA	+	3	0	X4+1	NA	2A/0C/0G/1T	aataataataata
seq	ABCC	Short_Tandem_Repeat	663636	663650	15	NA	+	1	4	X15+0	NA	0A/0C/0G/1T	ttttttttttttttt
seq	ABCC	Short_Tandem_Repeat	664673	664686	14	NA	+	1	4	X14+0	NA	1A/0C/0G/0T	aaaaaaaaaaaaaa
seq	ABCC	Short_Tandem_Repeat	665188	665199	12	NA	+	4	1	X3+0	NA	3A/1C/0G/0T	acaaacaaacaa
seq	ABCC	Short_Tandem_Repeat	665944	665953	10	NA	+	3	6	X3+1	NA	0A/0C/2G/1T	gtggtggtgg
seq	ABCC	Short_Tandem_Repeat	666083	666101	19	NA	+	1	4	X19+0	NA	1A/0C/0G/0T	aaaaaaaaaaaaaaaaaaa
seq	ABCC	Short_Tandem_Repeat	670518	670530	13	NA	+	4	1	X3+1	NA	1A/0C/0G/3T	atttatttattta
seq	ABCC	Short_Tandem_Repeat	674043	674053	11	NA	+	2	11	X5+1	NA	1A/0C/0G/1T	atatatatata
seq	ABCC	Short_Tandem_Repeat	674471	674480	10	NA	+	3	0	X3+1	NA	0A/1C/0G/2T	ttcttcttct
seq	ABCC	Short_Tandem_Repeat	676079	676088	10	NA	+	3	6	X3+1	NA	0A/0C/2G/1T	gtggtggtgg
seq	ABCC	Short_Tandem_Repeat	676219	676242	24	NA	+	1	4	X24+0	NA	1A/0C/0G/0T	aaaaaaaaaaaaaaaaaaaaaaaa
seq	ABCC	Short_Tandem_Repeat	676452	676467	16	NA	+	5	0	X3+1	NA	1A/0C/0G/4T	tattttattttatttt
seq	ABCC	Short_Tandem_Repeat	677797	677808	12	NA	+	2	11	X6+0	NA	1A/0C/0G/1T	atatatatatat
seq	ABCC	Short_Tandem_Repeat	681222	681258	37	NA	+	2	3	X18+1	NA	1A/1C/0G/0T	acacacacacacacacacacacacacacacacacaca
seq	ABCC	Short_Tandem_Repeat	682231	682242	12	NA	+	1	4	X12+0	NA	1A/0C/0G/0T	aaaaaaaaaaaa
seq	ABCC	Short_Tandem_Repeat	682248	682257	10	NA	+	1	4	X10+0	NA	1A/0C/0G/0T	aaaaaaaaaa
seq	ABCC	Short_Tandem_Repeat	683598	683609	12	NA	+	4	1	X3+0	NA	0A/2C/0G/2T	ttccttccttcc
seq	ABCC	Short_Tandem_Repeat	684182	684191	10	NA	+	1	4	X10+0	NA	1A/0C/0G/0T	aaaaaaaaaa
seq	ABCC	Short_Tandem_Repeat	684404	684413	10	NA	+	1	4	X10+0	NA	1A/0C/0G/0T	aaaaaaaaaa
seq	ABCC	Short_Tandem_Repeat	684992	685021	30	NA	+	4	1	X7+2	NA	1A/0C/0G/3T	tttatttatttatttatttatttatttatt
seq	ABCC	Short_Tandem_Repeat	686237	686256	20	NA	+	3	0	X6+2	NA	0A/0C/1G/2T	gttgttgttgttgttgttgt
seq	ABCC	Short_Tandem_Repeat	687147	687157	11	NA	+	3	0	X3+2	NA	0A/2C/1G/0T	ccgccgccgcc
seq	ABCC	Short_Tandem_Repeat	687173	687182	10	NA	+	3	0	X3+1	NA	2A/1C/0G/0T	aacaacaaca
seq	ABCC	Short_Tandem_Repeat	687235	687245	11	NA	+	3	0	X3+2	NA	0A/2C/1G/0T	gccgccgccgc
seq	ABCC	Short_Tandem_Repeat	687244	687255	12	NA	+	3	2	X4+0	NA	1A/1C/1G/0T	gcagcagcagca
seq	ABCC	Short_Tandem_Repeat	687336	687349	14	NA	+	4	1	X3+2	NA	0A/1C/3G/0T	cgggcgggcgggcg
seq	ABCC	Short_Tandem_Repeat	687382	687397	16	NA	+	4	1	X4+0	NA	0A/1C/3G/0T	ggcgggcgggcgggcg
seq	ABCC	Short_Tandem_Repeat	687901	687913	13	NA	+	1	4	X13+0	NA	0A/0C/0G/1T	ttttttttttttt
seq	ABCC	Short_Tandem_Repeat	688030	688040	11	NA	+	3	0	X3+2	NA	0A/0C/1G/2T	ttgttgttgtt
seq	ABCC	Short_Tandem_Repeat	688191	688202	12	NA	+	4	1	X3+0	NA	3A/0C/1G/0T	agaaagaaagaa
seq	ABCC	Short_Tandem_Repeat	688207	688219	13	NA	+	4	5	X3+1	NA	2A/0C/2G/0T	aggaaggaaggaa
seq	ABCC	Short_Tandem_Repeat	689288	689305	18	NA	+	1	4	X18+0	NA	0A/0C/0G/1T	tttttttttttttttttt
seq	ABCC	Short_Tandem_Repeat	689945	689957	13	NA	+	2	3	X6+1	NA	0A/0C/1G/1T	tgtgtgtgtgtgt
seq	ABCC	Short_Tandem_Repeat	689959	689985	27	NA	+	2	3	X13+1	NA	0A/0C/1G/1T	tgtgtgtgtgtgtgtgtgtgtgtgtgt
seq	ABCC	Short_Tandem_Repeat	690582	690591	10	NA	+	1	4	X10+0	NA	0A/1C/0G/0T	cccccccccc
seq	ABCC	Short_Tandem_Repeat	691302	691313	12	NA	+	3	0	X4+0	NA	2A/1C/0G/0T	aacaacaacaac
seq	ABCC	Short_Tandem_Repeat	691645	691665	21	NA	+	5	0	X4+1	NA	1A/1C/0G/3T	atttcatttcatttcatttca
seq	ABCC	Short_Tandem_Repeat	691715	691727	13	NA	+	4	1	X3+1	NA	1A/0C/0G/3T	ttatttatttatt
seq	ABCC	Short_Tandem_Repeat	691726	691738	13	NA	+	4	1	X3+1	NA	1A/0C/0G/3T	ttatttatttatt
seq	ABCC	Short_Tandem_Repeat	692475	692489	15	NA	+	4	1	X3+3	NA	1A/1C/0G/2T	tcattcattcattca
seq	ABCC	Short_Tandem_Repeat	693044	693071	28	NA	+	4	1	X7+0	NA	1A/0C/0G/3T	ttatttatttatttatttatttatttat
seq	ABCC	Short_Tandem_Repeat	693081	693101	21	NA	+	4	1	X5+1	NA	1A/0C/0G/3T	tatttatttatttatttattt
seq	ABCC	Short_Tandem_Repeat	694642	694654	13	NA	+	3	0	X4+1	NA	2A/0C/0G/1T	aataataataata
seq	ABCC	Short_Tandem_Repeat	694964	694977	14	NA	+	1	4	X14+0	NA	1A/0C/0G/0T	aaaaaaaaaaaaaa
seq	ABCC	Short_Tandem_Repeat	695729	695741	13	NA	+	1	4	X13+0	NA	1A/0C/0G/0T	aaaaaaaaaaaaa
seq	ABCC	Short_Tandem_Repeat	696820	696830	11	NA	+	1	4	X11+0	NA	1A/0C/0G/0T	aaaaaaaaaaa
seq	ABCC	Short_Tandem_Repeat	697260	697293	34	NA	+	2	3	X17+0	NA	1A/1C/0G/0T	acacacacacacacacacacacacacacacacac
seq	ABCC	Short_Tandem_Repeat	697783	697800	18	NA	+	5	0	X3+3	NA	4A/0C/0G/1T	aaaataaaataaaataaa
seq	ABCC	Short_Tandem_Repeat	698208	698220	13	NA	+	4	1	X3+1	NA	1A/0C/0G/3T	tatttatttattt
seq	ABCC	Short_Tandem_Repeat	698948	698957	10	NA	+	1	4	X10+0	NA	1A/0C/0G/0T	aaaaaaaaaa
seq	ABCC	Short_Tandem_Repeat	698956	698973	18	NA	+	4	9	X4+2	NA	2A/0C/0G/2T	aattaattaattaattaa
seq	ABCC	Short_Tandem_Repeat	701172	701190	19	NA	+	4	1	X4+3	NA	1A/0C/0G/3T	atttatttatttatttatt
seq	ABCC	Short_Tandem_Repeat	701890	701906	17	NA	+	3	0	X5+2	NA	2A/1C/0G/0T	aacaacaacaacaacaa
seq	ABCC	Short_Tandem_Repeat	702777	702788	12	NA	+	2	11	X6+0	NA	1A/0C/0G/1T	tatatatatata
seq	ABCC	Short_Tandem_Repeat	702790	702799	10	NA	+	2	11	X5+0	NA	1A/0C/0G/1T	atatatatat
seq	ABCC	Short_Tandem_Repeat	702825	702835	11	NA	+	2	11	X5+1	NA	1A/0C/0G/1T	tatatatatat
seq	ABCC	Short_Tandem_Repeat	702863	702877	15	NA	+	2	11	X7+1	NA	1A/0C/0G/1T	tatatatatatatat
seq	ABCC	Short_Tandem_Repeat	703418	703433	16	NA	+	1	4	X16+0	NA	1A/0C/0G/0T	aaaaaaaaaaaaaaaa
seq	ABCC	Short_Tandem_Repeat	703595	703605	11	NA	+	2	3	X5+1	NA	0A/0C/1G/1T	tgtgtgtgtgt
seq	ABCC	Short_Tandem_Repeat	703605	703648	44	NA	+	2	11	X22+0	NA	1A/0C/0G/1T	tatatatatatatatatatatatatatatatatatatatatata
seq	ABCC	Short_Tandem_Repeat	704382	704403	22	NA	+	3	6	X7+1	NA	0A/0C/1G/2T	tgttgttgttgttgttgttgtt
seq	ABCC	Short_Tandem_Repeat	705669	705683	15	NA	+	4	1	X3+3	NA	0A/1C/0G/3T	tttctttctttcttt
seq	ABCC	Short_Tandem_Repeat	705681	705705	25	NA	+	1	4	X25+0	NA	0A/0C/0G/1T	ttttttttttttttttttttttttt
seq	ABCC	Short_Tandem_Repeat	707156	707165	10	NA	+	1	4	X10+0	NA	1A/0C/0G/0T	aaaaaaaaaa
seq	ABCC	Short_Tandem_Repeat	707622	707643	22	NA	+	1	4	X22+0	NA	1A/0C/0G/0T	aaaaaaaaaaaaaaaaaaaaaa
seq	ABCC	Short_Tandem_Repeat	708610	708619	10	NA	+	1	4	X10+0	NA	1A/0C/0G/0T	aaaaaaaaaa
seq	ABCC	Short_Tandem_Repeat	712040	712049	10	NA	+	3	0	X3+1	NA	1A/2C/0G/0T	ccaccaccac
seq	ABCC	Short_Tandem_Repeat	712055	712077	23	NA	+	2	11	X11+1	NA	1A/0C/0G/1T	atatatatatatatatatatata
seq	ABCC	Short_Tandem_Repeat	712850	712862	13	NA	+	2	11	X6+1	NA	1A/0C/0G/1T	tatatatatatat
seq	ABCC	Short_Tandem_Repeat	714767	714776	10	NA	+	2	1	X5+0	NA	1A/0C/1G/0T	agagagagag
seq	ABCC	Short_Tandem_Repeat	716308	716317	10	NA	+	3	6	X3+1	NA	2A/0C/0G/1T	ataataataa
seq	ABCC	Short_Tandem_Repeat	717111	717122	12	NA	+	1	4	X12+0	NA	0A/0C/0G/1T	tttttttttttt
seq	ABCC	Short_Tandem_Repeat	717324	717339	16	NA	+	4	1	X4+0	NA	1A/0C/3G/0T	gagggagggagggagg
seq	ABCC	Short_Tandem_Repeat	718531	718540	10	NA	+	3	4	X3+1	NA	2A/0C/1G/0T	agaagaagaa
seq	ABCC	Short_Tandem_Repeat	718542	718551	10	NA	+	1	4	X10+0	NA	0A/0C/1G/0T	gggggggggg
seq	ABCC	Short_Tandem_Repeat	718619	718633	15	NA	+	5	0	X3+0	NA	4A/0C/0G/1T	aaaataaaataaaat
seq	ABCC	Short_Tandem_Repeat	719335	719344	10	NA	+	3	6	X3+1	NA	0A/0C/2G/1T	gtggtggtgg
seq	ABCC	Short_Tandem_Repeat	719719	719728	10	NA	+	1	4	X10+0	NA	0A/0C/0G/1T	tttttttttt
seq	ABCC	Short_Tandem_Repeat	722066	722078	13	NA	+	2	1	X6+1	NA	0A/1C/0G/1T	tctctctctctct
seq	ABCC	Short_Tandem_Repeat	723388	723397	10	NA	+	3	6	X3+1	NA	1A/2C/0G/0T	caccaccacc
seq	ABCC	Short_Tandem_Repeat	723448	723458	11	NA	+	3	6	X3+2	NA	0A/1C/2G/0T	gcggcggcggc
seq	ABCC	Short_Tandem_Repeat	723457	723470	14	NA	+	3	2	X4+2	NA	1A/1C/1G/0T	gcagcagcagcagc
seq	ABCC	Short_Tandem_Repeat	723469	723482	14	NA	+	3	6	X4+2	NA	0A/1C/2G/0T	gcggcggcggcggc
seq	ABCC	Short_Tandem_Repeat	725117	725134	18	NA	+	6	1	X3+0	NA	2A/0C/0G/4T	atttatatttatatttat
seq	ABCC	Short_Tandem_Repeat	726257	726274	18	NA	+	2	11	X9+0	NA	0A/1C/1G/0T	gcgcgcgcgcgcgcgcgc
seq	ABCC	Short_Tandem_Repeat	726274	726317	44	NA	+	2	3	X22+0	NA	1A/1C/0G/0T	cacacacacacacacacacacacacacacacacacacacacaca
seq	ABCC	Short_Tandem_Repeat	727118	727147	30	NA	+	1	4	X30+0	NA	1A/0C/0G/0T	aaaaaaaaaaaaaaaaaaaaaaaaaaaaaa
seq	ABCC	Short_Tandem_Repeat	727651	727665	15	NA	+	4	1	X3+3	NA	3A/0C/1G/0T	gaaagaaagaaagaa
seq	ABCC	Short_Tandem_Repeat	728425	728434	10	NA	+	2	3	X5+0	NA	0A/0C/1G/1T	tgtgtgtgtg
seq	ABCC	Short_Tandem_Repeat	729340	729354	15	NA	+	1	4	X15+0	NA	1A/0C/0G/0T	aaaaaaaaaaaaaaa
seq	ABCC	Short_Tandem_Repeat	730080	730126	47	NA	+	2	1	X23+1	NA	1A/0C/1G/0T	agagagagagagagagagagagagagagagagagagagagagagaga
seq	ABCC	Short_Tandem_Repeat	730521	730533	13	NA	+	4	9	X3+1	NA	2A/0C/0G/2T	ttaattaattaat
seq	ABCC	Short_Tandem_Repeat	730680	730704	25	NA	+	1	4	X25+0	NA	0A/0C/0G/1T	ttttttttttttttttttttttttt
seq	ABCC	Short_Tandem_Repeat	731078	731088	11	NA	+	1	4	X11+0	NA	0A/0C/0G/1T	ttttttttttt
seq	ABCC	Short_Tandem_Repeat	734319	734331	13	NA	+	1	4	X13+0	NA	0A/0C/0G/1T	ttttttttttttt
seq	ABCC	Short_Tandem_Repeat	734900	734915	16	NA	+	3	0	X5+1	NA	1A/2C/0G/0T	accaccaccaccacca
seq	ABCC	Short_Tandem_Repeat	735556	735570	15	NA	+	4	1	X3+3	NA	1A/1C/0G/2T	attcattcattcatt
seq	ABCC	Short_Tandem_Repeat	735847	735856	10	NA	+	3	0	X3+1	NA	0A/0C/1G/2T	ttgttgttgt
seq	ABCC	Short_Tandem_Repeat	735960	735974	15	NA	+	4	1	X3+3	NA	1A/0C/0G/3T	tttatttatttattt
seq	ABCC	Short_Tandem_Repeat	736128	736148	21	NA	+	1	4	X21+0	NA	0A/0C/0G/1T	ttttttttttttttttttttt
seq	ABCC	Short_Tandem_Repeat	736624	736633	10	NA	+	1	4	X10+0	NA	0A/0C/0G/1T	tttttttttt
seq	ABCC	Short_Tandem_Repeat	737474	737485	12	NA	+	1	4	X12+0	NA	0A/0C/0G/1T	tttttttttttt
seq	ABCC	Short_Tandem_Repeat	739636	739660	25	NA	+	1	4	X25+0	NA	0A/0C/0G/1T	ttttttttttttttttttttttttt
seq	ABCC	Short_Tandem_Repeat	740014	740026	13	NA	+	4	1	X3+1	NA	0A/1C/0G/3T	tctttctttcttt
seq	ABCC	Short_Tandem_Repeat	740034	740045	12	NA	+	1	4	X12+0	NA	0A/0C/0G/1T	tttttttttttt
seq	ABCC	Short_Tandem_Repeat	742072	742082	11	NA	+	3	0	X3+2	NA	1A/0C/1G/1T	gatgatgatga
seq	ABCC	Short_Tandem_Repeat	742425	742434	10	NA	+	2	11	X5+0	NA	1A/0C/0G/1T	atatatatat
seq	ABCC	Short_Tandem_Repeat	742598	742621	24	NA	+	5	0	X4+4	NA	0A/0C/1G/4T	ttttgttttgttttgttttgtttt
seq	ABCC	Short_Tandem_Repeat	742826	742837	12	NA	+	4	1	X3+0	NA	1A/0C/0G/3T	tttatttattta
seq	ABCC	Short_Tandem_Repeat	742835	742848	14	NA	+	4	9	X3+2	NA	2A/0C/0G/2T	ttaattaattaatt
seq	ABCC	Short_Tandem_Repeat	743015	743026	12	NA	+	3	0	X4+0	NA	1A/0C/0G/2T	attattattatt
seq	ABCC	Short_Tandem_Repeat	743521	743531	11	NA	+	1	4	X11+0	NA	0A/0C/0G/1T	ttttttttttt
seq	ABCC	Short_Tandem_Repeat	744221	744234	14	NA	+	3	0	X4+2	NA	0A/0C/1G/2T	ttgttgttgttgtt
seq	ABCC	Short_Tandem_Repeat	744633	744643	11	NA	+	2	1	X5+1	NA	0A/1C/0G/1T	tctctctctct
seq	ABCC	Short_Tandem_Repeat	744941	744950	10	NA	+	2	3	X5+0	NA	0A/0C/1G/1T	tgtgtgtgtg
seq	ABCC	Short_Tandem_Repeat	746358	746367	10	NA	+	1	4	X10+0	NA	0A/0C/0G/1T	tttttttttt
seq	ABCC	Short_Tandem_Repeat	746401	746424	24	NA	+	1	4	X24+0	NA	0A/0C/0G/1T	tttttttttttttttttttttttt
seq	ABCC	Short_Tandem_Repeat	747498	747526	29	NA	+	6	1	X4+5	NA	5A/1C/0G/0T	aaaaacaaaaacaaaaacaaaaacaaaaa
seq	ABCC	Short_Tandem_Repeat	747929	747938	10	NA	+	1	4	X10+0	NA	0A/0C/0G/1T	tttttttttt
seq	ABCC	Short_Tandem_Repeat	748996	749011	16	NA	+	1	4	X16+0	NA	0A/0C/0G/1T	tttttttttttttttt
seq	ABCC	Short_Tandem_Repeat	753172	753208	37	NA	+	1	4	X37+0	NA	0A/0C/0G/1T	ttttttttttttttttttttttttttttttttttttt
seq	ABCC	Short_Tandem_Repeat	753895	753905	11	NA	+	2	3	X5+1	NA	0A/0C/1G/1T	tgtgtgtgtgt
seq	ABCC	Short_Tandem_Repeat	754040	754056	17	NA	+	1	4	X17+0	NA	0A/0C/0G/1T	ttttttttttttttttt
seq	ABCC	Short_Tandem_Repeat	754069	754085	17	NA	+	5	4	X3+2	NA	1A/0C/0G/4T	ttattttattttatttt
seq	ABCC	Short_Tandem_Repeat	754110	754124	15	NA	+	5	4	X3+0	NA	1A/0C/0G/4T	ttattttattttatt
seq	ABCC	Short_Tandem_Repeat	754120	754132	13	NA	+	3	0	X4+1	NA	1A/0C/0G/2T	ttattattattat
seq	ABCC	Short_Tandem_Repeat	755395	755404	10	NA	+	3	6	X3+1	NA	1A/0C/0G/2T	tattattatt
seq	ABCC	Short_Tandem_Repeat	755919	755951	33	NA	+	2	1	X16+1	NA	1A/0C/1G/0T	agagagagagagagagagagagagagagagaga
seq	ABCC	Short_Tandem_Repeat	755949	755992	44	NA	+	4	1	X11+0	NA	3A/0C/1G/0T	agaaagaaagaaagaaagaaagaaagaaagaaagaaagaaagaa
seq	ABCC	Short_Tandem_Repeat	755991	756004	14	NA	+	4	1	X3+2	NA	3A/0C/1G/0T	aagaaagaaagaaa
seq	ABCC	Short_Tandem_Repeat	756018	756029	12	NA	+	2	1	X6+0	NA	1A/0C/1G/0T	agagagagagag
seq	ABCC	Short_Tandem_Repeat	756030	756045	16	NA	+	4	1	X4+0	NA	1A/0C/3G/0T	gggagggagggaggga
seq	ABCC	Short_Tandem_Repeat	757586	757596	11	NA	+	2	11	X5+1	NA	1A/0C/0G/1T	atatatatata
seq	ABCC	Short_Tandem_Repeat	758005	758014	10	NA	+	1	4	X10+0	NA	0A/0C/0G/1T	tttttttttt
seq	ABCC	Short_Tandem_Repeat	758610	758624	15	NA	+	1	4	X15+0	NA	1A/0C/0G/0T	aaaaaaaaaaaaaaa
seq	ABCC	Short_Tandem_Repeat	758622	758641	20	NA	+	5	0	X4+0	NA	3A/0C/0G/2T	aaattaaattaaattaaatt
seq	ABCC	Short_Tandem_Repeat	759831	759840	10	NA	+	1	4	X10+0	NA	1A/0C/0G/0T	aaaaaaaaaa
seq	ABCC	Short_Tandem_Repeat	760133	760150	18	NA	+	4	1	X4+2	NA	3A/0C/0G/1T	aaataaataaataaataa
seq	ABCC	Short_Tandem_Repeat	760821	760838	18	NA	+	6	1	X3+0	NA	4A/0C/1G/1T	aagataaagataaagata
seq	ABCC	Short_Tandem_Repeat	763170	763181	12	NA	+	3	0	X4+0	NA	0A/0C/2G/1T	tggtggtggtgg
seq	ABCC	Short_Tandem_Repeat	763676	763687	12	NA	+	1	4	X12+0	NA	0A/0C/0G/1T	tttttttttttt
seq	ABCC	Short_Tandem_Repeat	764560	764569	10	NA	+	1	4	X10+0	NA	1A/0C/0G/0T	aaaaaaaaaa
seq	ABCC	Short_Tandem_Repeat	764983	764995	13	NA	+	1	4	X13+0	NA	1A/0C/0G/0T	aaaaaaaaaaaaa
seq	ABCC	Short_Tandem_Repeat	765693	765705	13	NA	+	3	6	X4+1	NA	2A/1C/0G/0T	acaacaacaacaa
seq	ABCC	Short_Tandem_Repeat	766785	766804	20	NA	+	1	4	X20+0	NA	1A/0C/0G/0T	aaaaaaaaaaaaaaaaaaaa
seq	ABCC	Short_Tandem_Repeat	767114	767126	13	NA	+	1	4	X13+0	NA	0A/0C/0G/1T	ttttttttttttt
seq	ABCC	Short_Tandem_Repeat	767258	767267	10	NA	+	3	0	X3+1	NA	1A/2C/0G/0T	ccaccaccac
seq	ABCC	Short_Tandem_Repeat	768625	768636	12	NA	+	1	4	X12+0	NA	0A/0C/0G/1T	tttttttttttt
seq	ABCC	Short_Tandem_Repeat	770093	770103	11	NA	+	1	4	X11+0	NA	0A/0C/0G/1T	ttttttttttt
seq	ABCC	Short_Tandem_Repeat	770338	770352	15	NA	+	1	4	X15+0	NA	0A/0C/0G/1T	ttttttttttttttt
seq	ABCC	Short_Tandem_Repeat	770838	770854	17	NA	+	4	1	X4+1	NA	3A/0C/0G/1T	aaataaataaataaata
seq	ABCC	Short_Tandem_Repeat	772237	772248	12	NA	+	4	5	X3+0	NA	0A/2C/2G/0T	gccggccggccg
seq	ABCC	Short_Tandem_Repeat	776529	776540	12	NA	+	2	1	X6+0	NA	0A/1C/0G/1T	ctctctctctct
seq	ABCC	Short_Tandem_Repeat	778690	778699	10	NA	+	2	1	X5+0	NA	1A/0C/1G/0T	agagagagag
seq	ABCC	Short_Tandem_Repeat	778697	778706	10	NA	+	3	4	X3+1	NA	1A/0C/2G/0T	gaggaggagg
seq	ABCC	Short_Tandem_Repeat	779793	779812	20	NA	+	4	1	X5+0	NA	2A/0C/2G/0T	aaggaaggaaggaaggaagg
seq	ABCC	Short_Tandem_Repeat	779814	779825	12	NA	+	4	1	X3+0	NA	1A/0C/3G/0T	gggagggaggga
seq	ABCC	Short_Tandem_Repeat	779843	779857	15	NA	+	4	5	X3+3	NA	2A/0C/2G/0T	aggaaggaaggaagg
seq	ABCC	Short_Tandem_Repeat	779859	779870	12	NA	+	4	1	X3+0	NA	1A/0C/3G/0T	gggagggaggga
seq	ABCC	Short_Tandem_Repeat	779906	779927	22	NA	+	4	1	X5+2	NA	1A/0C/3G/0T	agggagggagggagggagggag
seq	ABCC	Short_Tandem_Repeat	780209	780224	16	NA	+	4	1	X4+0	NA	3A/0C/1G/0T	aagaaagaaagaaaga
seq	ABCC	Short_Tandem_Repeat	780229	780257	29	NA	+	2	1	X14+1	NA	1A/0C/1G/0T	gagagagagagagagagagagagagagag
seq	ABCC	Short_Tandem_Repeat	780265	780283	19	NA	+	4	1	X4+3	NA	1A/0C/3G/0T	agggagggagggagggagg
seq	ABCC	Short_Tandem_Repeat	780282	780294	13	NA	+	4	1	X3+1	NA	1A/0C/3G/0T	ggagggagggagg
seq	ABCC	Short_Tandem_Repeat	781021	781034	14	NA	+	3	4	X4+2	NA	1A/0C/2G/0T	gaggaggaggagga
seq	ABCC	Short_Tandem_Repeat	781030	781049	20	NA	+	6	1	X3+2	NA	3A/0C/3G/0T	gaggaagaggaagaggaaga
seq	ABCC	Short_Tandem_Repeat	781045	781060	16	NA	+	3	0	X5+1	NA	2A/0C/1G/0T	gaagaagaagaagaag
seq	ABCC	Short_Tandem_Repeat	781195	781214	20	NA	+	1	4	X20+0	NA	1A/0C/0G/0T	aaaaaaaaaaaaaaaaaaaa
seq	ABCC	Short_Tandem_Repeat	781505	781517	13	NA	+	1	4	X13+0	NA	1A/0C/0G/0T	aaaaaaaaaaaaa
seq	ABCC	Short_Tandem_Repeat	781623	781637	15	NA	+	2	11	X7+1	NA	1A/0C/0G/1T	tatatatatatatat
seq	ABCC	Short_Tandem_Repeat	782206	782224	19	NA	+	4	1	X4+3	NA	0A/0C/1G/3T	tttgtttgtttgtttgttt
seq	ABCC	Short_Tandem_Repeat	782363	782374	12	NA	+	1	4	X12+0	NA	0A/0C/0G/1T	tttttttttttt
seq	ABCC	Short_Tandem_Repeat	783697	783708	12	NA	+	3	0	X4+0	NA	1A/2C/0G/0T	accaccaccacc
seq	ABCC	Short_Tandem_Repeat	784489	784502	14	NA	+	4	1	X3+2	NA	3A/0C/0G/1T	aaataaataaataa
seq	ABCC	Short_Tandem_Repeat	784931	784942	12	NA	+	1	4	X12+0	NA	1A/0C/0G/0T	aaaaaaaaaaaa
seq	ABCC	Short_Tandem_Repeat	784940	784954	15	NA	+	4	1	X3+3	NA	3A/0C/1G/0T	aaagaaagaaagaaa
seq	ABCC	Short_Tandem_Repeat	786284	786298	15	NA	+	1	4	X15+0	NA	0A/0C/0G/1T	ttttttttttttttt
seq	ABCC	Short_Tandem_Repeat	786463	786481	19	NA	+	4	1	X4+3	NA	1A/0C/0G/3T	tttatttatttatttattt
seq	ABCC	Short_Tandem_Repeat	787517	787529	13	NA	+	1	4	X13+0	NA	0A/0C/0G/1T	ttttttttttttt
seq	ABCC	Short_Tandem_Repeat	788023	788033	11	NA	+	2	1	X5+1	NA	0A/1C/0G/1T	tctctctctct
seq	ABCC	Short_Tandem_Repeat	788925	788939	15	NA	+	2	3	X7+1	NA	1A/1C/0G/0T	acacacacacacaca
seq	ABCC	Short_Tandem_Repeat	789090	789100	11	NA	+	1	4	X11+0	NA	1A/0C/0G/0T	aaaaaaaaaaa
seq	ABCC	Short_Tandem_Repeat	790279	790292	14	NA	+	1	4	X14+0	NA	0A/0C/0G/1T	tttttttttttttt
seq	ABCC	Short_Tandem_Repeat	791228	791240	13	NA	+	1	4	X13+0	NA	1A/0C/0G/0T	aaaaaaaaaaaaa
seq	ABCC	Short_Tandem_Repeat	791318	791343	26	NA	+	8	1	X3+2	NA	3A/1C/2G/2T	gagttcaagagttcaagagttcaaga
seq	ABCC	Short_Tandem_Repeat	791579	791591	13	NA	+	1	4	X13+0	NA	1A/0C/0G/0T	aaaaaaaaaaaaa
seq	ABCC	Short_Tandem_Repeat	792338	792348	11	NA	+	3	6	X3+2	NA	1A/0C/0G/2T	tattattatta
seq	ABCC	Short_Tandem_Repeat	792352	792367	16	NA	+	1	4	X16+0	NA	0A/0C/0G/1T	tttttttttttttttt
seq	ABCC	Short_Tandem_Repeat	793574	793583	10	NA	+	2	11	X5+0	NA	1A/0C/0G/1T	atatatatat
seq	ABCC	Short_Tandem_Repeat	794065	794074	10	NA	+	1	4	X10+0	NA	0A/0C/0G/1T	tttttttttt
seq	ABCC	Short_Tandem_Repeat	794316	794325	10	NA	+	1	4	X10+0	NA	1A/0C/0G/0T	aaaaaaaaaa
seq	ABCC	Short_Tandem_Repeat	794602	794620	19	NA	+	1	4	X19+0	NA	0A/0C/0G/1T	ttttttttttttttttttt
seq	ABCC	Short_Tandem_Repeat	794774	794784	11	NA	+	1	4	X11+0	NA	0A/0C/0G/1T	ttttttttttt
seq	ABCC	Short_Tandem_Repeat	795329	795350	22	NA	+	4	1	X5+2	NA	1A/0C/0G/3T	ttatttatttatttatttattt
seq	ABCC	Short_Tandem_Repeat	795671	795689	19	NA	+	1	4	X19+0	NA	0A/0C/0G/1T	ttttttttttttttttttt
seq	ABCC	Short_Tandem_Repeat	796213	796231	19	NA	+	2	1	X9+1	NA	1A/0C/1G/0T	gagagagagagagagagag
seq	ABCC	Short_Tandem_Repeat	796234	796258	25	NA	+	4	1	X6+1	NA	2A/0C/2G/0T	aaggaaggaaggaaggaaggaagga
seq	ABCC	Short_Tandem_Repeat	796256	796270	15	NA	+	4	1	X3+3	NA	1A/0C/3G/0T	ggagggagggaggga
seq	ABCC	Short_Tandem_Repeat	796781	796795	15	NA	+	1	4	X15+0	NA	0A/0C/0G/1T	ttttttttttttttt
seq	ABCC	Short_Tandem_Repeat	801038	801047	10	NA	+	3	0	X3+1	NA	0A/1C/1G/1T	ctgctgctgc
seq	ABCC	Short_Tandem_Repeat	801702	801711	10	NA	+	3	0	X3+1	NA	1A/0C/2G/0T	ggaggaggag
seq	ABCC	Short_Tandem_Repeat	802646	802661	16	NA	+	1	4	X16+0	NA	1A/0C/0G/0T	aaaaaaaaaaaaaaaa
seq	ABCC	Short_Tandem_Repeat	803278	803295	18	NA	+	1	4	X18+0	NA	1A/0C/0G/0T	aaaaaaaaaaaaaaaaaa
seq	ABCC	Short_Tandem_Repeat	803318	803389	72	NA	+	4	1	X18+0	NA	0A/2C/0G/2T	ttccttccttccttccttccttccttccttccttccttccttccttccttccttccttccttccttccttcc
seq	ABCC	Short_Tandem_Repeat	803395	803407	13	NA	+	4	1	X3+1	NA	0A/1C/1G/2T	tgcttgcttgctt
seq	ABCC	Short_Tandem_Repeat	803405	803440	36	NA	+	4	1	X9+0	NA	0A/1C/0G/3T	ctttctttctttctttctttctttctttctttcttt
seq	ABCC	Short_Tandem_Repeat	803942	803951	10	NA	+	3	6	X3+1	NA	1A/0C/0G/2T	tattattatt
seq	ABCC	Short_Tandem_Repeat	804152	804175	24	NA	+	1	4	X24+0	NA	0A/0C/0G/1T	tttttttttttttttttttttttt
seq	ABCC	Short_Tandem_Repeat	804679	804690	12	NA	+	1	4	X12+0	NA	0A/0C/0G/1T	tttttttttttt
seq	ABCC	Short_Tandem_Repeat	805228	805248	21	NA	+	1	4	X21+0	NA	0A/0C/0G/1T	ttttttttttttttttttttt
seq	ABCC	Short_Tandem_Repeat	805535	805560	26	NA	+	1	4	X26+0	NA	0A/0C/0G/1T	tttttttttttttttttttttttttt
seq	ABCC	Short_Tandem_Repeat	805854	805877	24	NA	+	1	4	X24+0	NA	1A/0C/0G/0T	aaaaaaaaaaaaaaaaaaaaaaaa
seq	ABCC	Short_Tandem_Repeat	806621	806630	10	NA	+	3	6	X3+1	NA	1A/2C/0G/0T	caccaccacc
seq	ABCC	Short_Tandem_Repeat	807177	807191	15	NA	+	4	1	X3+3	NA	3A/0C/0G/1T	aaataaataaataaa
seq	ABCC	Short_Tandem_Repeat	808351	808367	17	NA	+	5	0	X3+2	NA	4A/1C/0G/0T	aaaacaaaacaaaacaa
seq	ABCC	Short_Tandem_Repeat	808865	808876	12	NA	+	4	1	X3+0	NA	0A/0C/1G/3T	gtttgtttgttt
seq	ABCC	Short_Tandem_Repeat	809700	809720	21	NA	+	6	1	X3+3	NA	5A/1C/0G/0T	caaaaacaaaaacaaaaacaa
seq	ABCC	Short_Tandem_Repeat	809716	809726	11	NA	+	3	0	X3+2	NA	2A/1C/0G/0T	aacaacaacaa
seq	ABCC	Short_Tandem_Repeat	811368	811384	17	NA	+	4	1	X4+1	NA	3A/0C/0G/1T	aaataaataaataaata
seq	ABCC	Short_Tandem_Repeat	811386	811401	16	NA	+	4	1	X4+0	NA	3A/0C/0G/1T	aataaataaataaata
seq	ABCC	Short_Tandem_Repeat	811691	811711	21	NA	+	6	1	X3+3	NA	5A/0C/0G/1T	aaaaataaaaataaaaataaa
seq	ABCC	Short_Tandem_Repeat	814048	814060	13	NA	+	1	4	X13+0	NA	0A/0C/0G/1T	ttttttttttttt
seq	ABCC	Short_Tandem_Repeat	814784	814803	20	NA	+	1	4	X20+0	NA	1A/0C/0G/0T	aaaaaaaaaaaaaaaaaaaa
seq	ABCC	Short_Tandem_Repeat	814801	814815	15	NA	+	4	1	X3+3	NA	3A/0C/1G/0T	aaagaaagaaagaaa
seq	ABCC	Short_Tandem_Repeat	814809	814831	23	NA	+	5	0	X4+3	NA	4A/0C/1G/0T	aaagaaaagaaaagaaaagaaaa
seq	ABCC	Short_Tandem_Repeat	815127	815139	13	NA	+	4	1	X3+1	NA	3A/0C/0G/1T	aaataaataaata
seq	ABCC	Short_Tandem_Repeat	815422	815437	16	NA	+	1	4	X16+0	NA	1A/0C/0G/0T	aaaaaaaaaaaaaaaa
seq	ABCC	Short_Tandem_Repeat	816400	816414	15	NA	+	4	1	X3+3	NA	0A/1C/0G/3T	tttctttctttcttt
seq	ABCC	Short_Tandem_Repeat	816412	816429	18	NA	+	1	4	X18+0	NA	0A/0C/0G/1T	tttttttttttttttttt
seq	ABCC	Short_Tandem_Repeat	816492	816503	12	NA	+	3	0	X4+0	NA	0A/2C/0G/1T	cctcctcctcct
seq	ABCC	Short_Tandem_Repeat	816987	816996	10	NA	+	3	6	X3+1	NA	0A/0C/1G/2T	tgttgttgtt
seq	ABCC	Short_Tandem_Repeat	817747	817758	12	NA	+	4	1	X3+0	NA	1A/0C/0G/3T	atttatttattt
seq	ABCC	Short_Tandem_Repeat	818558	818569	12	NA	+	1	4	X12+0	NA	1A/0C/0G/0T	aaaaaaaaaaaa
seq	ABCC	Short_Tandem_Repeat	818855	818866	12	NA	+	4	1	X3+0	NA	2A/1C/0G/1T	tcaatcaatcaa
seq	ABCC	Short_Tandem_Repeat	819634	819649	16	NA	+	1	4	X16+0	NA	1A/0C/0G/0T	aaaaaaaaaaaaaaaa
seq	ABCC	Short_Tandem_Repeat	820565	820579	15	NA	+	1	4	X15+0	NA	0A/0C/0G/1T	ttttttttttttttt
seq	ABCC	Short_Tandem_Repeat	821183	821194	12	NA	+	4	1	X3+0	NA	1A/1C/1G/1T	tgactgactgac
seq	ABCC	Short_Tandem_Repeat	821450	821459	10	NA	+	1	4	X10+0	NA	0A/0C/0G/1T	tttttttttt
seq	ABCC	Short_Tandem_Repeat	821588	821597	10	NA	+	3	0	X3+1	NA	1A/2C/0G/0T	ccaccaccac
seq	ABCC	Short_Tandem_Repeat	822083	822105	23	NA	+	4	1	X5+3	NA	0A/1C/0G/3T	tttctttctttctttctttcttt
seq	ABCC	Short_Tandem_Repeat	822103	822115	13	NA	+	1	4	X13+0	NA	0A/0C/0G/1T	ttttttttttttt
seq	ABCC	Short_Tandem_Repeat	822517	822532	16	NA	+	4	1	X4+0	NA	3A/0C/0G/1T	aaataaataaataaat
seq	ABCC	Short_Tandem_Repeat	823048	823057	10	NA	+	3	6	X3+1	NA	0A/0C/2G/1T	gtggtggtgg
seq	ABCC	Short_Tandem_Repeat	823192	823244	53	NA	+	2	11	X26+1	NA	1A/0C/0G/1T	atatatatatatatatatatatatatatatatatatatatatatatatatata
seq	ABCC	Short_Tandem_Repeat	823260	823272	13	NA	+	2	3	X6+1	NA	1A/1C/0G/0T	acacacacacaca
seq	ABCC	Short_Tandem_Repeat	823293	823305	13	NA	+	2	11	X6+1	NA	1A/0C/0G/1T	tatatatatatat
seq	ABCC	Short_Tandem_Repeat	824048	824060	13	NA	+	4	1	X3+1	NA	1A/0C/3G/0T	ggagggagggagg
seq	ABCC	Short_Tandem_Repeat	824469	824481	13	NA	+	1	4	X13+0	NA	1A/0C/0G/0T	aaaaaaaaaaaaa
seq	ABCC	Short_Tandem_Repeat	825149	825164	16	NA	+	3	0	X5+1	NA	2A/1C/0G/0T	aacaacaacaacaaca
seq	ABCC	Short_Tandem_Repeat	825508	825527	20	NA	+	2	3	X10+0	NA	1A/1C/0G/0T	acacacacacacacacacac
seq	ABCC	Short_Tandem_Repeat	825685	825702	18	NA	+	1	4	X18+0	NA	1A/0C/0G/0T	aaaaaaaaaaaaaaaaaa
seq	ABCC	Short_Tandem_Repeat	827835	827846	12	NA	+	2	3	X6+0	NA	1A/1C/0G/0T	cacacacacaca
seq	ABCC	Short_Tandem_Repeat	827863	827878	16	NA	+	5	0	X3+1	NA	4A/0C/0G/1T	aaataaaataaaataa
seq	ABCC	Short_Tandem_Repeat	828042	828051	10	NA	+	3	0	X3+1	NA	0A/1C/0G/2T	ttcttcttct
seq	ABCC	Short_Tandem_Repeat	828883	828902	20	NA	+	4	1	X5+0	NA	2A/0C/1G/1T	tgaatgaatgaatgaatgaa
seq	ABCC	Short_Tandem_Repeat	829742	829751	10	NA	+	1	4	X10+0	NA	0A/0C/0G/1T	tttttttttt
seq	ABCC	Short_Tandem_Repeat	831651	831673	23	NA	+	4	1	X5+3	NA	3A/1C/0G/0T	aaacaaacaaacaaacaaacaaa
seq	ABCC	Short_Tandem_Repeat	832057	832066	10	NA	+	3	0	X3+1	NA	2A/0C/0G/1T	aataataata
seq	ABCC	Short_Tandem_Repeat	832228	832286	59	NA	+	4	1	X14+3	NA	3A/0C/1G/0T	aaagaaagaaagaaagaaagaaagaaagaaagaaagaaagaaagaaagaaagaaagaaa
seq	ABCC	Short_Tandem_Repeat	832286	832298	13	NA	+	2	11	X6+1	NA	1A/0C/0G/1T	atatatatatata
seq	ABCC	Short_Tandem_Repeat	832322	832333	12	NA	+	4	1	X3+0	NA	1A/1C/0G/2T	attcattcattc
seq	ABCC	Short_Tandem_Repeat	834033	834043	11	NA	+	3	0	X3+2	NA	1A/0C/0G/2T	ttattattatt
seq	ABCC	Short_Tandem_Repeat	834042	834052	11	NA	+	1	4	X11+0	NA	0A/0C/0G/1T	ttttttttttt
seq	ABCC	Short_Tandem_Repeat	835131	835147	17	NA	+	1	4	X17+0	NA	1A/0C/0G/0T	aaaaaaaaaaaaaaaaa
seq	ABCC	Short_Tandem_Repeat	835454	835478	25	NA	+	1	4	X25+0	NA	1A/0C/0G/0T	aaaaaaaaaaaaaaaaaaaaaaaaa
seq	ABCC	Short_Tandem_Repeat	837185	837196	12	NA	+	1	4	X12+0	NA	1A/0C/0G/0T	aaaaaaaaaaaa
seq	ABCC	Short_Tandem_Repeat	837432	837453	22	NA	+	1	4	X22+0	NA	0A/0C/0G/1T	tttttttttttttttttttttt
seq	ABCC	Short_Tandem_Repeat	837603	837612	10	NA	+	1	4	X10+0	NA	0A/0C/0G/1T	tttttttttt
seq	ABCC	Short_Tandem_Repeat	838640	838649	10	NA	+	2	3	X5+0	NA	0A/0C/1G/1T	tgtgtgtgtg
seq	ABCC	Short_Tandem_Repeat	838863	838876	14	NA	+	2	3	X7+0	NA	0A/0C/1G/1T	tgtgtgtgtgtgtg
seq	ABCC	Short_Tandem_Repeat	838878	838898	21	NA	+	2	3	X10+1	NA	0A/0C/1G/1T	gtgtgtgtgtgtgtgtgtgtg
seq	ABCC	Short_Tandem_Repeat	839232	839246	15	NA	+	1	4	X15+0	NA	0A/0C/0G/1T	ttttttttttttttt
seq	ABCC	Short_Tandem_Repeat	839543	839555	13	NA	+	2	1	X6+1	NA	0A/1C/0G/1T	tctctctctctct
seq	ABCC	Short_Tandem_Repeat	839555	839567	13	NA	+	1	4	X13+0	NA	0A/0C/0G/1T	ttttttttttttt
seq	ABCC	Short_Tandem_Repeat	839862	839885	24	NA	+	1	4	X24+0	NA	0A/0C/0G/1T	tttttttttttttttttttttttt
seq	ABCC	Short_Tandem_Repeat	841479	841493	15	NA	+	4	1	X3+3	NA	3A/0C/0G/1T	ataaataaataaata
seq	ABCC	Short_Tandem_Repeat	841802	841821	20	NA	+	1	4	X20+0	NA	0A/0C/0G/1T	tttttttttttttttttttt
seq	ABCC	Short_Tandem_Repeat	842440	842449	10	NA	+	1	4	X10+0	NA	0A/0C/0G/1T	tttttttttt
seq	ABCC	Short_Tandem_Repeat	843231	843240	10	NA	+	1	4	X10+0	NA	1A/0C/0G/0T	aaaaaaaaaa
seq	ABCC	Short_Tandem_Repeat	843261	843271	11	NA	+	2	1	X5+1	NA	1A/0C/1G/0T	agagagagaga
seq	ABCC	Short_Tandem_Repeat	843432	843449	18	NA	+	1	4	X18+0	NA	1A/0C/0G/0T	aaaaaaaaaaaaaaaaaa
seq	ABCC	Short_Tandem_Repeat	843737	843748	12	NA	+	1	4	X12+0	NA	1A/0C/0G/0T	aaaaaaaaaaaa
seq	ABCC	Short_Tandem_Repeat	844885	844896	12	NA	+	4	1	X3+0	NA	0A/0C/1G/3T	tttgtttgtttg
seq	ABCC	Short_Tandem_Repeat	845308	845322	15	NA	+	4	1	X3+3	NA	0A/1C/0G/3T	tctttctttctttct
seq	ABCC	Short_Tandem_Repeat	845320	845329	10	NA	+	2	1	X5+0	NA	0A/1C/0G/1T	tctctctctc
seq	ABCC	Short_Tandem_Repeat	845338	845352	15	NA	+	1	4	X15+0	NA	0A/0C/0G/1T	ttttttttttttttt
seq	ABCC	Short_Tandem_Repeat	845350	845361	12	NA	+	4	1	X3+0	NA	0A/1C/0G/3T	tttctttctttc
seq	ABCC	Short_Tandem_Repeat	845361	845373	13	NA	+	4	1	X3+1	NA	0A/3C/0G/1T	cctccctccctcc
seq	ABCC	Short_Tandem_Repeat	845381	845400	20	NA	+	4	5	X5+0	NA	0A/2C/0G/2T	cttccttccttccttccttc
seq	ABCC	Short_Tandem_Repeat	845399	845423	25	NA	+	2	1	X12+1	NA	0A/1C/0G/1T	tctctctctctctctctctctctct
seq	ABCC	Short_Tandem_Repeat	845798	845807	10	NA	+	1	4	X10+0	NA	0A/0C/0G/1T	tttttttttt
seq	ABCC	Short_Tandem_Repeat	846449	846463	15	NA	+	4	5	X3+3	NA	2A/0C/0G/2T	attaattaattaatt
seq	ABCC	Short_Tandem_Repeat	846462	846471	10	NA	+	1	4	X10+0	NA	0A/0C/0G/1T	tttttttttt
seq	ABCC	Short_Tandem_Repeat	847718	847730	13	NA	+	1	4	X13+0	NA	1A/0C/0G/0T	aaaaaaaaaaaaa
seq	ABCC	Short_Tandem_Repeat	851274	851287	14	NA	+	2	3	X7+0	NA	1A/1C/0G/0T	acacacacacacac
seq	ABCC	Short_Tandem_Repeat	852178	852188	11	NA	+	1	4	X11+0	NA	1A/0C/0G/0T	aaaaaaaaaaa
seq	ABCC	Short_Tandem_Repeat	852223	852233	11	NA	+	1	4	X11+0	NA	0A/0C/0G/1T	ttttttttttt
seq	ABCC	Short_Tandem_Repeat	852953	852964	12	NA	+	4	1	X3+0	NA	0A/1C/3G/0T	gcgggcgggcgg
seq	ABCC	Short_Tandem_Repeat	853005	853014	10	NA	+	3	0	X3+1	NA	0A/1C/1G/1T	gtcgtcgtcg
seq	ABCC	Short_Tandem_Repeat	855253	855266	14	NA	+	2	3	X7+0	NA	0A/0C/1G/1T	tgtgtgtgtgtgtg
seq	ABCC	Short_Tandem_Repeat	856497	856509	13	NA	+	4	1	X3+1	NA	0A/0C/1G/3T	tgtttgtttgttt
seq	ABCC	Short_Tandem_Repeat	856835	856844	10	NA	+	3	0	X3+1	NA	1A/0C/1G/1T	gatgatgatg
seq	ABCC	Short_Tandem_Repeat	857165	857185	21	NA	+	7	4	X3+0	NA	1A/0C/0G/6T	tttattttttattttttattt
seq	ABCC	Short_Tandem_Repeat	859474	859488	15	NA	+	4	1	X3+3	NA	3A/0C/1G/0T	aaagaaagaaagaaa
seq	ABCC	Short_Tandem_Repeat	860367	860378	12	NA	+	4	1	X3+0	NA	1A/2C/1G/0T	cagccagccagc
seq	ABCC	Short_Tandem_Repeat	861643	861662	20	NA	+	4	1	X5+0	NA	3A/0C/0G/1T	ataaataaataaataaataa
seq	ABCC	Short_Tandem_Repeat	862506	862527	22	NA	+	4	1	X5+2	NA	1A/0C/0G/3T	ttatttatttatttatttattt
seq	ABCC	Short_Tandem_Repeat	864177	864218	42	NA	+	4	1	X10+2	NA	1A/0C/0G/3T	atttatttatttatttatttatttatttatttatttatttat
seq	ABCC	Short_Tandem_Repeat	865204	865215	12	NA	+	2	11	X6+0	NA	1A/0C/0G/1T	tatatatatata
seq	ABCC	Short_Tandem_Repeat	865228	865240	13	NA	+	4	3	X3+1	NA	1A/0C/1G/2T	tatgtatgtatgt
seq	ABCC	Short_Tandem_Repeat	865244	865256	13	NA	+	2	11	X6+1	NA	1A/0C/0G/1T	tatatatatatat
seq	ABCC	Short_Tandem_Repeat	866763	866774	12	NA	+	4	1	X3+0	NA	0A/2C/1G/1T	gcctgcctgcct
seq	ABCC	Short_Tandem_Repeat	867325	867334	10	NA	+	3	4	X3+1	NA	0A/2C/0G/1T	ctcctcctcc
seq	ABCC	Short_Tandem_Repeat	867648	867662	15	NA	+	5	0	X3+0	NA	3A/0C/1G/1T	aatgaaatgaaatga
seq	ABCC	Short_Tandem_Repeat	869525	869535	11	NA	+	1	4	X11+0	NA	1A/0C/0G/0T	aaaaaaaaaaa
seq	ABCC	Short_Tandem_Repeat	872443	872455	13	NA	+	3	6	X4+1	NA	2A/0C/0G/1T	ataataataataa
seq	ABCC	Short_Tandem_Repeat	872491	872506	16	NA	+	3	6	X5+1	NA	1A/0C/0G/2T	tattattattattatt
seq	ABCC	Short_Tandem_Repeat	873728	873748	21	NA	+	1	4	X21+0	NA	1A/0C/0G/0T	aaaaaaaaaaaaaaaaaaaaa
seq	ABCC	Short_Tandem_Repeat	877498	877509	12	NA	+	4	1	X3+0	NA	1A/2C/1G/0T	cagccagccagc
seq	ABCC	Short_Tandem_Repeat	878169	878185	17	NA	+	1	4	X17+0	NA	0A/0C/0G/1T	ttttttttttttttttt
seq	ABCC	Short_Tandem_Repeat	878471	878480	10	NA	+	1	4	X10+0	NA	0A/0C/0G/1T	tttttttttt
seq	ABCC	Short_Tandem_Repeat	878483	878505	23	NA	+	3	0	X7+2	NA	2A/1C/0G/0T	aacaacaacaacaacaacaacaa
seq	ABCC	Short_Tandem_Repeat	878889	878912	24	NA	+	5	0	X4+4	NA	1A/0C/0G/4T	ttttattttattttattttatttt
seq	ABCC	Short_Tandem_Repeat	879211	879224	14	NA	+	1	4	X14+0	NA	0A/0C/0G/1T	tttttttttttttt
seq	ABCC	Short_Tandem_Repeat	881112	881123	12	NA	+	2	11	X6+0	NA	1A/0C/0G/1T	atatatatatat
seq	ABCC	Short_Tandem_Repeat	883060	883088	29	NA	+	1	4	X29+0	NA	0A/0C/0G/1T	ttttttttttttttttttttttttttttt
seq	ABCC	Short_Tandem_Repeat	884561	884594	34	NA	+	2	11	X17+0	NA	1A/0C/0G/1T	atatatatatatatatatatatatatatatatat
seq	ABCC	Short_Tandem_Repeat	884594	884607	14	NA	+	1	4	X14+0	NA	0A/0C/0G/1T	tttttttttttttt
seq	ABCC	Short_Tandem_Repeat	884890	884907	18	NA	+	6	1	X3+0	NA	1A/0C/0G/5T	atttttatttttattttt
seq	ABCC	Short_Tandem_Repeat	885951	885967	17	NA	+	4	1	X4+1	NA	1A/0C/0G/3T	tatttatttatttattt
seq	ABCC	Short_Tandem_Repeat	886657	886671	15	NA	+	1	4	X15+0	NA	0A/0C/0G/1T	ttttttttttttttt
seq	ABCC	Short_Tandem_Repeat	886674	886683	10	NA	+	3	0	X3+1	NA	1A/1C/0G/1T	atcatcatca
seq	ABCC	Short_Tandem_Repeat	886745	886754	10	NA	+	3	6	X3+1	NA	2A/0C/0G/1T	ataataataa
seq	ABCC	Short_Tandem_Repeat	887497	887513	17	NA	+	1	4	X17+0	NA	1A/0C/0G/0T	aaaaaaaaaaaaaaaaa
seq	ABCC	Short_Tandem_Repeat	888499	888508	10	NA	+	2	11	X5+0	NA	1A/0C/0G/1T	atatatatat
seq	ABCC	Short_Tandem_Repeat	889056	889065	10	NA	+	1	4	X10+0	NA	0A/0C/0G/1T	tttttttttt
seq	ABCC	Short_Tandem_Repeat	889074	889085	12	NA	+	1	4	X12+0	NA	0A/0C/0G/1T	tttttttttttt
seq	ABCC	Short_Tandem_Repeat	892167	892197	31	NA	+	2	3	X15+1	NA	1A/1C/0G/0T	acacacacacacacacacacacacacacaca
seq	ABCC	Short_Tandem_Repeat	892273	892284	12	NA	+	1	4	X12+0	NA	0A/0C/0G/1T	tttttttttttt
seq	ABCC	Short_Tandem_Repeat	892307	892322	16	NA	+	1	4	X16+0	NA	0A/0C/0G/1T	tttttttttttttttt
seq	ABCC	Short_Tandem_Repeat	892472	892484	13	NA	+	1	4	X13+0	NA	0A/0C/0G/1T	ttttttttttttt
seq	ABCC	Short_Tandem_Repeat	894197	894207	11	NA	+	2	1	X5+1	NA	0A/1C/0G/1T	tctctctctct
seq	ABCC	Short_Tandem_Repeat	894209	894221	13	NA	+	4	1	X3+1	NA	0A/3C/0G/1T	tccctccctccct
seq	ABCC	Short_Tandem_Repeat	894219	894239	21	NA	+	4	1	X5+1	NA	0A/2C/0G/2T	ccttccttccttccttccttc
seq	ABCC	Short_Tandem_Repeat	894312	894328	17	NA	+	4	5	X4+1	NA	0A/2C/0G/2T	tccttccttccttcctt
seq	ABCC	Short_Tandem_Repeat	894385	894401	17	NA	+	4	1	X4+1	NA	0A/2C/0G/2T	ttccttccttccttcct
seq	ABCC	Short_Tandem_Repeat	894428	894447	20	NA	+	4	5	X5+0	NA	0A/2C/0G/2T	tccttccttccttccttcct
seq	ABCC	Short_Tandem_Repeat	894445	894456	12	NA	+	4	1	X3+0	NA	0A/3C/0G/1T	cctccctccctc
seq	ABCC	Short_Tandem_Repeat	894482	894498	17	NA	+	4	5	X4+1	NA	0A/2C/0G/2T	tccttccttccttcctt
seq	ABCC	Short_Tandem_Repeat	894501	894519	19	NA	+	4	1	X4+3	NA	0A/3C/0G/1T	cctccctccctccctccct
seq	ABCC	Short_Tandem_Repeat	894531	894545	15	NA	+	4	1	X3+3	NA	0A/2C/0G/2T	ttccttccttccttc
seq	ABCC	Short_Tandem_Repeat	894554	894566	13	NA	+	4	5	X3+1	NA	0A/2C/0G/2T	cttccttccttcc
seq	ABCC	Short_Tandem_Repeat	894597	894614	18	NA	+	4	5	X4+2	NA	0A/2C/0G/2T	tccttccttccttccttc
seq	ABCC	Short_Tandem_Repeat	894618	894633	16	NA	+	5	0	X3+1	NA	0A/4C/0G/1T	ctcccctcccctcccc
seq	ABCC	Short_Tandem_Repeat	894663	894677	15	NA	+	5	0	X3+0	NA	0A/4C/0G/1T	cccctcccctcccct
seq	ABCC	Short_Tandem_Repeat	894674	894691	18	NA	+	5	0	X3+3	NA	0A/3C/0G/2T	cccttcccttcccttccc
seq	ABCC	Short_Tandem_Repeat	895201	895210	10	NA	+	3	4	X3+1	NA	0A/1C/0G/2T	tcttcttctt
seq	ABCC	Short_Tandem_Repeat	897173	897182	10	NA	+	2	1	X5+0	NA	0A/1C/0G/1T	ctctctctct
seq	ABCC	Short_Tandem_Repeat	900886	900915	30	NA	+	1	4	X30+0	NA	1A/0C/0G/0T	aaaaaaaaaaaaaaaaaaaaaaaaaaaaaa
seq	ABCC	Short_Tandem_Repeat	902568	902585	18	NA	+	2	11	X9+0	NA	1A/0C/0G/1T	atatatatatatatatat
seq	ABCC	Short_Tandem_Repeat	904814	904824	11	NA	+	2	3	X5+1	NA	0A/0C/1G/1T	tgtgtgtgtgt
seq	ABCC	Short_Tandem_Repeat	905066	905075	10	NA	+	2	1	X5+0	NA	1A/0C/1G/0T	gagagagaga
seq	ABCC	Short_Tandem_Repeat	907216	907225	10	NA	+	2	1	X5+0	NA	1A/0C/1G/0T	gagagagaga
seq	ABCC	Short_Tandem_Repeat	907227	907260	34	NA	+	2	1	X17+0	NA	1A/0C/1G/0T	agagagagagagagagagagagagagagagagag
seq	ABCC	Short_Tandem_Repeat	907464	907479	16	NA	+	2	3	X8+0	NA	0A/0C/1G/1T	gtgtgtgtgtgtgtgt
seq	ABCC	Short_Tandem_Repeat	907542	907563	22	NA	+	1	4	X22+0	NA	0A/0C/0G/1T	tttttttttttttttttttttt
seq	ABCC	Short_Tandem_Repeat	907637	907647	11	NA	+	3	0	X3+2	NA	0A/2C/0G/1T	cctcctcctcc
seq	ABCC	Short_Tandem_Repeat	908982	909024	43	NA	+	4	1	X10+3	NA	1A/0C/0G/3T	tttatttatttatttatttatttatttatttatttatttattt
seq	ABCC	Short_Tandem_Repeat	913182	913192	11	NA	+	3	4	X3+2	NA	1A/0C/2G/0T	gaggaggagga
seq	ABCC	Short_Tandem_Repeat	916092	916110	19	NA	+	1	4	X19+0	NA	0A/0C/0G/1T	ttttttttttttttttttt
seq	ABCC	Short_Tandem_Repeat	916570	916604	35	NA	+	2	3	X17+1	NA	0A/0C/1G/1T	tgtgtgtgtgtgtgtgtgtgtgtgtgtgtgtgtgt
