Sequence_name	Source	Type	Start	Stop	Length	Score	Strand	Repeat	Spacer	Permutations	Subset	Composition	Sequence
seq	ABCC	Mirror_Repeat	134	215	82	NA	+	10	62	1	0	1A/1C/8G/0T	ggggcggggaaccctggccgactcaggacgccacgggaggaagccacgcaaaatagcaaaccgggatcctagaggggcgggg
seq	ABCC	Mirror_Repeat	4416	4439	24	NA	+	12	0	1	0	0A/0C/0G/12T	tttttttttttttttttttttttt
seq	ABCC	Mirror_Repeat	8374	8455	82	NA	+	10	62	1	0	3A/3C/0G/4T	atttacccatcacctagattatacaatctacattttgctttgtttgcttgaactcatatccctctatgcgtttacccattta
seq	ABCC	Mirror_Repeat	12328	12348	21	NA	+	10	1	1	1	8A/0C/1G/1T	aaaataaagatagaaataaaa
seq	ABCC	Mirror_Repeat	15998	16052	55	NA	+	10	35	1	0	5A/0C/1G/4T	aatagaattttttcatccttaagtgtgagacagcccatcagcctctttaagataa
seq	ABCC	Mirror_Repeat	17353	17427	75	NA	+	12	51	1	0	1A/2C/1G/8T	tcagtttttttcttataggttgaaacaaaattgtgataatttatttatggttgtctgtttttcctttttttgact
seq	ABCC	Mirror_Repeat	18397	18419	23	NA	+	10	1	2	1	0A/0C/5G/5T	tgtgtgtgtgcgtgtgtgtgtgt
seq	ABCC	Mirror_Repeat	21259	21362	104	NA	+	11	82	1	0	6A/0C/1G/4T	aaatagaatttaagtagaacataaaatatggtgtgatattatttaagtgtaaggaaacttgaatttgtttaaattgaatagtttgatgataattttaagataaa
seq	ABCC	Mirror_Repeat	21304	21423	120	NA	+	10	100	1	0	4A/0C/4G/2T	agtgtaaggaaacttgaatttgtttaaattgaatagtttgatgataattttaagataaaaaggtgagtataaaagcagaagagcataaagaagtcatttcaacagactagaggaatgtga
seq	ABCC	Mirror_Repeat	31511	31609	99	NA	+	10	79	1	0	2A/3C/1G/4T	ctcctttaagcacttctctgtattggttattctagttatacattcttctaaatttttttcaaagtttttaacttctttgcctttggtttgaatttcctc
seq	ABCC	Mirror_Repeat	40305	40328	24	NA	+	12	0	1	1	12A/0C/0G/0T	aaaaaaaaaaaaaaaaaaaaaaaa
seq	ABCC	Mirror_Repeat	40370	40398	29	NA	+	11	7	1	0	0A/2C/0G/9T	tttttctctttgctactttttctcttttt
seq	ABCC	Mirror_Repeat	40401	40425	25	NA	+	12	1	1	0	6A/6C/0G/0T	acacacacacacacacacacacaca
seq	ABCC	Mirror_Repeat	40402	40426	25	NA	+	12	1	1	1	6A/6C/0G/0T	cacacacacacacacacacacacac
seq	ABCC	Mirror_Repeat	40425	40483	59	NA	+	29	1	1	0	1A/14C/0G/14T	actctctctctctctctctctctctctctctctctctctctctctctctctctctctca
seq	ABCC	Mirror_Repeat	42542	42648	107	NA	+	11	85	1	0	2A/1C/7G/1T	aggtgggcggatcacctgaggtcgggagttcaagaccagcctgaccaggccaggcgcggtggctcacgcctgtaatcccagcactttgggaggccgaggcgggtgga
seq	ABCC	Mirror_Repeat	42859	42888	30	NA	+	15	0	1	1	14A/1C/0G/0T	caaaaaaaaaaaaaaaaaaaaaaaaaaaac
seq	ABCC	Mirror_Repeat	42878	42945	68	NA	+	10	36	2	0	10A/0C/0G/0T	aaaaaaaaaaccagcctgaccaacatggagaaaccctgtctctactaaaaaaaaaattaaaaaaaaaa
seq	ABCC	Mirror_Repeat	42923	42946	24	NA	+	12	0	1	1	10A/0C/0G/2T	taaaaaaaaaattaaaaaaaaaat
seq	ABCC	Mirror_Repeat	45360	45384	25	NA	+	12	1	1	0	6A/0C/0G/6T	atatatatatatgtatatatatata
seq	ABCC	Mirror_Repeat	45361	45385	25	NA	+	11	3	1	0	5A/0C/0G/6T	tatatatatatgtatatatatatat
seq	ABCC	Mirror_Repeat	46767	46868	102	NA	+	10	82	1	0	6A/0C/4G/0T	aaaggagagagtccagtgattggcaagagaaaatagtagaaaaggaaatagagcgaaaataaaaattttgacaatggagggcagcaattaacagagaggaaa
seq	ABCC	Mirror_Repeat	52560	52650	91	NA	+	11	69	1	0	2A/3C/0G/6T	tctcattttactgaaacttttgtatcctttgaaaatcatctcccctacctcacccgtggcccccagcctctggtaaccaccattttactct
seq	ABCC	Mirror_Repeat	53004	53027	24	NA	+	12	0	1	0	0A/0C/0G/12T	tttttttttttttttttttttttt
seq	ABCC	Mirror_Repeat	53683	53790	108	NA	+	10	88	1	0	2A/1C/1G/6T	ctatgtatttctatctatgtttccctacagttttagtcaagtggtcttgtacgtacttggcattccctaatgtgtttgctaattgagttaacgacatatttatgtatc
seq	ABCC	Mirror_Repeat	54024	54069	46	NA	+	11	24	1	0	2A/1C/1G/7T	gattctttttaaagtattgccttaaaagatattccatttttcttag
seq	ABCC	Mirror_Repeat	54271	54294	24	NA	+	12	0	1	0	0A/0C/2G/10T	ttttgttttgttttgttttgtttt
seq	ABCC	Mirror_Repeat	55061	55086	26	NA	+	13	0	1	1	13A/0C/0G/0T	aaaaaaaaaaaaaaaaaaaaaaaaaa
seq	ABCC	Mirror_Repeat	59989	60015	27	NA	+	13	0	3	1	13A/0C/0G/0T	aaaaaaaaaaaaaaaaaaaaaaaaaaa
seq	ABCC	Mirror_Repeat	60362	60384	23	NA	+	11	1	1	0	2A/0C/0G/9T	tttatttatttatttatttattt
seq	ABCC	Mirror_Repeat	60363	60387	25	NA	+	12	1	1	0	3A/0C/0G/9T	ttatttatttatttatttatttatt
seq	ABCC	Mirror_Repeat	60966	60997	32	NA	+	10	12	1	0	1A/2C/0G/7T	attttctcttcccttacactgtttctctttta
seq	ABCC	Mirror_Repeat	63809	63837	29	NA	+	14	1	1	0	3A/0C/0G/11T	ttttatttatttatttatttatttatttt
seq	ABCC	Mirror_Repeat	65448	65489	42	NA	+	12	18	1	0	4A/0C/0G/8T	atatttaattttataaacacagcacctgtcttttaatttata
seq	ABCC	Mirror_Repeat	69601	69631	31	NA	+	15	1	1	0	0A/0C/2G/13T	ttttttgtttttgtttttgtttttgtttttt
seq	ABCC	Mirror_Repeat	72464	72502	39	NA	+	10	13	2	0	0A/0C/1G/9T	tttttgttttgagtttggtaagtttttgtttttgttttt
seq	ABCC	Mirror_Repeat	72697	72762	66	NA	+	10	46	1	0	0A/2C/1G/7T	gtttttttccattatatggtagttttctatgtacttgatttccattctttgttatccctttttttg
seq	ABCC	Mirror_Repeat	72831	72939	109	NA	+	10	89	1	0	2A/0C/2G/6T	tgtagtattttaagactaaattttcttctggaacaacttgtatccctaaactttcgataaatcttatgtttgtctatgtttagttcctaatgatttaaatttatgatgt
seq	ABCC	Mirror_Repeat	74436	74477	42	NA	+	10	22	1	0	1A/0C/1G/8T	ttgtttatttggatttgcatatatgattaccatttatttgtt
seq	ABCC	Mirror_Repeat	75684	75756	73	NA	+	10	53	1	0	5A/0C/5G/0T	gagagagagacagagacagagagcgagaccgtgatcgggacagagaaagagaacgcaccagagagagagagag
seq	ABCC	Mirror_Repeat	75683	75753	71	NA	+	12	47	1	0	6A/1C/5G/0T	agagagagagacagagacagagagcgagaccgtgatcgggacagagaaagagaacgcaccagagagagaga
seq	ABCC	Mirror_Repeat	79707	79828	122	NA	+	11	100	1	0	5A/1C/2G/3T	aaaaagttctgcttctgaaaaaattaagcattaaattcaccaaggactgtcatttattgagtgcctactctcataccaagcactttataaatgttgtcagttctgtaagaagtcttgaaaaa
seq	ABCC	Mirror_Repeat	81346	81410	65	NA	+	10	45	1	0	5A/1C/4G/0T	gcagaaagaggttatgagcgtcacagagcaagtcgagaaaaagaagaacgacatagagaaagacg
seq	ABCC	Mirror_Repeat	81937	81962	26	NA	+	13	0	1	0	1A/2C/0G/10T	accttttttttttttttttttttcca
seq	ABCC	Mirror_Repeat	82209	82295	87	NA	+	10	67	1	0	0A/1C/2G/7T	tgttctgtttgttagtatgaaaagttaactttttttccaaaataaaagagtgaatttttcatgttaagttaaaaatctttgtcttgt
seq	ABCC	Mirror_Repeat	87171	87290	120	NA	+	10	100	1	0	5A/1C/2G/2T	atatggacaatcagtgttataaactcataattctgtgttcaacttttttttaaagttatgagagaaatgccgagtccccatattaaatgtctatatgcatactttgaacaaacaggtata
seq	ABCC	Mirror_Repeat	90014	90080	67	NA	+	13	41	1	0	8A/3C/1G/1T	atcaaagaccaaaggtagataaaaccacaaagatggagaaaaaacagagcagaaaaaccagaaacta
seq	ABCC	Mirror_Repeat	91487	91536	50	NA	+	10	30	1	0	3A/3C/1G/3T	ctcagattcataaagcaagtccttagtgacctacaaagagacttagactc
seq	ABCC	Mirror_Repeat	95326	95347	22	NA	+	11	0	1	1	7A/4C/0G/0T	caacaacaacaacaacaacaac
seq	ABCC	Mirror_Repeat	95327	95349	23	NA	+	11	1	1	1	8A/3C/0G/0T	aacaacaacaacaacaacaacaa
seq	ABCC	Mirror_Repeat	95345	95364	20	NA	+	10	0	1	1	9A/1C/0G/0T	aacaaaaaaaaaaaaaacaa
seq	ABCC	Mirror_Repeat	95652	95746	95	NA	+	10	75	1	0	2A/0C/4G/4T	tggagtgattttcaaatttttttgtgactctcaggccttgactatgaaatacggaaggtgatttcttaaaactaaataaagttggttagtgaggt
seq	ABCC	Mirror_Repeat	95750	95773	24	NA	+	12	0	1	1	10A/0C/2G/0T	aaaagaaaagaaaagaaaagaaaa
seq	ABCC	Mirror_Repeat	95903	95983	81	NA	+	10	61	1	0	6A/2C/1G/1T	acacaaaagtggaagagaaaaataaaaacaccacagcaatgaaagtggctgcaaaggaacagaaataatattgaaaacaca
seq	ABCC	Mirror_Repeat	101586	101609	24	NA	+	11	2	1	0	3A/6C/0G/2T	aaccctcaccttatccactcccaa
seq	ABCC	Mirror_Repeat	103361	103409	49	NA	+	10	29	1	0	3A/2C/2G/3T	aaccttgtaggctatgtaattaacatagtataaagcagagatgttccaa
seq	ABCC	Mirror_Repeat	114457	114477	21	NA	+	10	1	1	0	0A/0C/1G/9T	ttttttgtttgtttgtttttt
seq	ABCC	Mirror_Repeat	115168	115206	39	NA	+	19	1	1	1	9A/0C/9G/1T	tgagagagagagagagagagagagagagagagagagagt
seq	ABCC	Mirror_Repeat	119568	119596	29	NA	+	11	7	1	1	2A/0C/5G/4T	agtgtgtgagtgagggtctgagtgtgtga
seq	ABCC	Mirror_Repeat	127772	127824	53	NA	+	10	33	1	0	3A/0C/0G/7T	ttatattttagtcttgaataaaccccttgatgccaagaactacattttatatt
seq	ABCC	Mirror_Repeat	128540	128660	121	NA	+	11	99	1	0	3A/0C/7G/1T	ggagagtgggagcgcaggctggataatggaagggaggtgaaagaaagatatacagcatttataggactgtaataagctgagagctgttagagcatgcagcatgtacgtgcagggtgagagg
seq	ABCC	Mirror_Repeat	135149	135179	31	NA	+	15	1	1	0	0A/0C/7G/8T	tgtgtgtgtgtgtgtgtgtgtgtgtgtgtgt
seq	ABCC	Mirror_Repeat	135150	135180	31	NA	+	15	1	1	0	0A/0C/8G/7T	gtgtgtgtgtgtgtgtgtgtgtgtgtgtgtg
seq	ABCC	Mirror_Repeat	137623	137672	50	NA	+	10	30	1	0	6A/2C/0G/2T	aaacctaaataccccatccaaacaacatatttaatgaatctaaatccaaa
seq	ABCC	Mirror_Repeat	140616	140704	89	NA	+	10	69	1	0	4A/6C/0G/0T	accaccaaccacacacggcttcccctcattagcccctttcttctgcctccaaactgctgggaaaatgtccctagtccttccaaccacca
seq	ABCC	Mirror_Repeat	142323	142359	37	NA	+	12	13	1	0	6A/6C/0G/0T	acacacacacacatgcgcgcacatgcacacacacaca
seq	ABCC	Mirror_Repeat	142324	142360	37	NA	+	12	13	1	0	6A/6C/0G/0T	cacacacacacatgcgcgcacatgcacacacacacac
seq	ABCC	Mirror_Repeat	145466	145498	33	NA	+	10	13	1	0	7A/3C/0G/0T	caaaaccaaaaccaaaccaaaccaaaccaaaac
seq	ABCC	Mirror_Repeat	145471	145499	29	NA	+	14	1	1	1	8A/6C/0G/0T	ccaaaaccaaaccaaaccaaaccaaaacc
seq	ABCC	Mirror_Repeat	149714	149734	21	NA	+	10	0	2	1	10A/0C/0G/0T	aaaaaaaaaaaaaaaaaaaaa
seq	ABCC	Mirror_Repeat	151764	151798	35	NA	+	17	1	1	0	9A/8C/0G/0T	aacacacacacacacacacacacacacacacacaa
seq	ABCC	Mirror_Repeat	152891	152985	95	NA	+	10	75	1	0	7A/1C/0G/2T	aaaatatacagaaagaatcgtaagtaaaaaagcctaatgataatagaaaaaatattgcaagatatgtaatcaaagattgtatttaacatataaaa
seq	ABCC	Mirror_Repeat	155103	155137	35	NA	+	10	15	3	0	8A/0C/0G/2T	aaataaataaataaataaatatatgaataaataaa
seq	ABCC	Mirror_Repeat	160765	160793	29	NA	+	11	2	2	1	9A/2C/0G/0T	aaaacaaaacagaacaaaacaaaacaaaa
seq	ABCC	Mirror_Repeat	160777	160796	20	NA	+	10	0	1	1	8A/2C/0G/0T	aacaaaacaaaacaaaacaa
seq	ABCC	Mirror_Repeat	163342	163363	22	NA	+	11	0	1	1	9A/2C/0G/0T	caaaaaacaaaaaacaaaaaac
seq	ABCC	Mirror_Repeat	163343	163369	27	NA	+	13	1	1	1	12A/1C/0G/0T	aaaaaacaaaaaacaaaaaacaaaaaa
seq	ABCC	Mirror_Repeat	163799	163821	23	NA	+	10	1	3	1	10A/0C/0G/0T	aaaaaaaaaagaaaaaaaaaaaa
seq	ABCC	Mirror_Repeat	163806	163825	20	NA	+	10	0	1	1	9A/0C/1G/0T	aaagaaaaaaaaaaaagaaa
seq	ABCC	Mirror_Repeat	163819	163843	25	NA	+	12	1	1	1	10A/0C/2G/0T	aaagaaagaaaagaaaagaaagaaa
seq	ABCC	Mirror_Repeat	164382	164488	107	NA	+	10	87	1	0	5A/0C/1G/4T	aaatttgtaagctcagtctgagtcattaaaaaaaagtaggccaagaagcttgaaggaacacagatttacaagtaaaagaggcaaacactaaaataaaaatgtttaaa
seq	ABCC	Mirror_Repeat	166495	166576	82	NA	+	10	62	2	0	9A/1C/0G/0T	aaaaaacaaatctccatgatgctttctttagatgacactaagcaactgaatgggggattaaaaaacaaaaacaaacaaaaaa
seq	ABCC	Mirror_Repeat	166556	166582	27	NA	+	10	7	1	1	9A/1C/0G/0T	aaaacaaaaacaaacaaaaaaacaaaa
seq	ABCC	Mirror_Repeat	166849	166869	21	NA	+	10	1	1	0	0A/4C/0G/6T	tttctctctctctctctcttt
seq	ABCC	Mirror_Repeat	168465	168487	23	NA	+	11	0	3	0	0A/0C/0G/11T	ttttttttttttttttttttttt
seq	ABCC	Mirror_Repeat	175733	175752	20	NA	+	10	0	1	0	3A/1C/1G/5T	attcaatttggtttaactta
seq	ABCC	Mirror_Repeat	193327	193359	33	NA	+	16	1	1	1	12A/0C/0G/4T	aataaataaataaataaataaataaataaataa
seq	ABCC	Mirror_Repeat	193330	193360	31	NA	+	15	1	1	1	12A/0C/0G/3T	aaataaataaataaataaataaataaataaa
seq	ABCC	Mirror_Repeat	195443	195469	27	NA	+	13	1	1	1	0A/0C/8G/5T	gtgtgggtgtgtgtgtgtgtgggtgtg
seq	ABCC	Mirror_Repeat	195449	195475	27	NA	+	11	5	3	0	0A/0C/6G/5T	gtgtgtgtgtgtgtgggtgtgtgtgtg
seq	ABCC	Mirror_Repeat	203403	203517	115	NA	+	10	95	1	0	4A/1C/1G/4T	ctaaatagttcagtactggaactcataatgtatatccaatccttagaaccattgctatctgaggaatgtggggctctcttatttgtttgtaaacgttcctttactttgataaatc
seq	ABCC	Mirror_Repeat	203782	203871	90	NA	+	10	70	1	0	8A/0C/2G/0T	aaaaaggaaagtatccaaggaggtatactggtcacccgggaccatgacagttgtacccttatcagttgcagcctgaggtcaaaggaaaaa
seq	ABCC	Mirror_Repeat	205365	205385	21	NA	+	10	1	1	0	0A/0C/1G/9T	ttttttgtttttttgtttttt
seq	ABCC	Mirror_Repeat	205734	205847	114	NA	+	10	94	1	0	5A/0C/2G/3T	aagtaaatgtacaattacattttaaattttagataaatttagtaagacttgacaggatcgataatgtgccatcaaactcttatggcaattttataaaggccaattgtaaatgaa
seq	ABCC	Mirror_Repeat	206595	206635	41	NA	+	20	1	1	1	14A/6C/0G/0T	aacaacaacaacaacaacaacaacaacaacaacaacaacaa
seq	ABCC	Mirror_Repeat	206597	206636	40	NA	+	20	0	1	1	13A/7C/0G/0T	caacaacaacaacaacaacaacaacaacaacaacaacaac
seq	ABCC	Mirror_Repeat	208317	208432	116	NA	+	10	96	1	0	3A/0C/5G/2T	tgtgaggagagaggcagagattggaattatgcacccacaagctaaggaatgtctagagctactagaaactgaaagagaccagagaagaccctctcctggagccttcagaggagtgt
seq	ABCC	Mirror_Repeat	216812	216840	29	NA	+	12	5	1	1	5A/0C/1G/6T	tatatatgtatatataaatatgtatatat
seq	ABCC	Mirror_Repeat	221555	221642	88	NA	+	10	68	1	0	6A/0C/3G/1T	aaagatggaaagaatctctgcatttgaggaacttagagtcaataaggaagcagagctaaggacaaacaattaaagtgtaaggtagaaa
seq	ABCC	Mirror_Repeat	223372	223402	31	NA	+	15	1	1	0	2A/0C/0G/13T	ttttttatttttatttttatttttatttttt
seq	ABCC	Mirror_Repeat	228745	228861	117	NA	+	10	97	1	0	6A/1C/1G/2T	gaaataatcaaaatcagagctgaaccgaaggaaactgggaaaaaccatacacaaacccaacacatccagaagtttcttttttgaaagatagatagaccactaggtagactaataaag
seq	ABCC	Mirror_Repeat	229119	229154	36	NA	+	14	8	1	0	12A/2C/0G/0T	aaaaaacaaacaaacaaacaaaaaacaaacaaaaaa
seq	ABCC	Mirror_Repeat	230949	231026	78	NA	+	10	58	1	0	6A/0C/1G/3T	ttaaaaagtaggcaaaataaatgaacatgcactttttaaaagaagacatacaagcagtcaacaatcacatgaaaaatt
seq	ABCC	Mirror_Repeat	231712	231809	98	NA	+	10	78	1	0	7A/2C/1G/0T	acaaaaacagacacatagaccaacagaacagaatagagaaccagaaataatgcttcactcctacaactatctgatgctcaacaaagttgacaaaaaca
seq	ABCC	Mirror_Repeat	232400	232436	37	NA	+	13	11	1	0	5A/0C/0G/8T	tattatatattatatataatatactattatatattat
seq	ABCC	Mirror_Repeat	232403	232440	38	NA	+	14	10	1	0	6A/0C/0G/8T	tatatattatatataatatactattatatattatatat
seq	ABCC	Mirror_Repeat	232412	232447	36	NA	+	11	14	1	0	6A/0C/0G/5T	tatataatatactattatatattatatataatatat
seq	ABCC	Mirror_Repeat	232458	232485	28	NA	+	10	8	1	0	7A/0C/0G/3T	taaaatataaataacatcaatataaaat
seq	ABCC	Mirror_Repeat	233377	233396	20	NA	+	10	0	1	1	9A/0C/1G/0T	gaaaaaaaaaaaaaaaaaag
seq	ABCC	Mirror_Repeat	236427	236482	56	NA	+	10	36	1	0	3A/0C/3G/4T	atatatgggtgtatgtgtctttataatagaatgatttatattcctttgggtatata
seq	ABCC	Mirror_Repeat	238509	238588	80	NA	+	10	60	1	0	3A/2C/0G/5T	atcttatcatggagaatggggtatccatcccctcaagcatttatcctttttattataaacaatccaatcatactattcta
seq	ABCC	Mirror_Repeat	241909	241961	53	NA	+	11	31	1	0	4A/3C/1G/3T	ttcacaagactatactaaaatatatacaaacactatttcatttcagaacactt
seq	ABCC	Mirror_Repeat	242852	242874	23	NA	+	10	3	1	0	3A/2C/0G/5T	tatctatctacctatctatctat
seq	ABCC	Mirror_Repeat	246247	246281	35	NA	+	10	15	1	0	3A/0C/3G/4T	agtattgtgatttagtggtagcaagagtgttatga
seq	ABCC	Mirror_Repeat	248296	248319	24	NA	+	11	2	1	1	10A/0C/0G/1T	aaaataaaaaaataaaaaataaaa
seq	ABCC	Mirror_Repeat	248507	248543	37	NA	+	18	1	1	0	0A/0C/9G/9T	gtgtgtgtgtgtgtgtgtgtgtgtgtgtgtgtgtgtg
seq	ABCC	Mirror_Repeat	248508	248544	37	NA	+	18	1	1	1	0A/0C/9G/9T	tgtgtgtgtgtgtgtgtgtgtgtgtgtgtgtgtgtgt
seq	ABCC	Mirror_Repeat	248572	248599	28	NA	+	11	6	1	0	4A/2C/2G/3T	acacatgtgtacacaagatgtgtacaca
seq	ABCC	Mirror_Repeat	249366	249476	111	NA	+	10	91	1	0	8A/2C/0G/0T	aaaccaaaaaaaagaaggaaatgagctcttcttcagctcttttgtgatccaaggaaagctccagggtttcttaagggtttcagaaaagagcttataatcataaaaaccaaa
seq	ABCC	Mirror_Repeat	250946	251030	85	NA	+	10	65	1	0	5A/1C/0G/4T	taaacatattagcaatacaaaacaatcccatcaaaaagtaggcaaatggcatgaatagacatttctcaaaaaaagttatacaaat
seq	ABCC	Mirror_Repeat	257491	257512	22	NA	+	11	0	1	0	2A/0C/0G/9T	ttttttattattattatttttt
seq	ABCC	Mirror_Repeat	258355	258394	40	NA	+	10	20	1	0	7A/1C/2G/0T	aaaacaggaagaaacaaccaagagattgaaaaggacaaaa
seq	ABCC	Mirror_Repeat	258839	258868	30	NA	+	15	0	1	0	0A/2C/0G/13T	tccttttttttttttttttttttttttcct
seq	ABCC	Mirror_Repeat	264886	264907	22	NA	+	11	0	1	1	11A/0C/0G/0T	aaaaaaaaaaaaaaaaaaaaaa
seq	ABCC	Mirror_Repeat	265585	265617	33	NA	+	10	13	1	0	0A/1C/5G/4T	gggtgtgtctagtgtaatggttctctgtgtggg
seq	ABCC	Mirror_Repeat	267063	267092	30	NA	+	10	10	1	0	8A/2C/0G/0T	caaaacaaaacgaacaaacaaaaacaaaac
seq	ABCC	Mirror_Repeat	267075	267098	24	NA	+	11	2	1	1	9A/2C/0G/0T	aacaaacaaaaacaaaacaaacaa
seq	ABCC	Mirror_Repeat	268411	268506	96	NA	+	10	76	1	0	4A/2C/2G/2T	aagtatgccactagaaaaaaatatcaggcatgttggcatctgtagaacctgtgtctcaataaagatgttttgaatgaatatctgaaaccgtatgaa
seq	ABCC	Mirror_Repeat	269454	269561	108	NA	+	10	88	1	0	7A/0C/1G/2T	aaataaatgaaaacagacatctgtttcacgttttacaaagcattgccacccactgttaatttttcactattatttcattattgttccaatttaacatgagtaaataaa
seq	ABCC	Mirror_Repeat	270047	270069	23	NA	+	10	3	1	0	0A/3C/0G/7T	tctttttctccctctctttttct
seq	ABCC	Mirror_Repeat	274683	274723	41	NA	+	20	1	1	1	10A/0C/10G/0T	gagagagagagagagagagagagagagagagagagagagag
seq	ABCC	Mirror_Repeat	274684	274724	41	NA	+	20	1	1	1	10A/0C/10G/0T	agagagagagagagagagagagagagagagagagagagaga
seq	ABCC	Mirror_Repeat	276902	276982	81	NA	+	10	61	1	0	4A/0C/5G/1T	gaggaaaggtaatttataacagtcaaattggccttttcaaccttatcacatgaaataaaaaaccaaaatgttggaaaggag
seq	ABCC	Mirror_Repeat	279584	279641	58	NA	+	10	38	1	0	3A/2C/0G/5T	tttattcacactggaatttttttatttgcattgaggcagagccaggaaacacttattt
seq	ABCC	Mirror_Repeat	283493	283513	21	NA	+	10	1	1	1	8A/0C/0G/2T	taaaataaaataaaataaaat
seq	ABCC	Mirror_Repeat	283494	283517	24	NA	+	12	0	1	1	10A/0C/0G/2T	aaaataaaataaaataaaataaaa
seq	ABCC	Mirror_Repeat	283807	283827	21	NA	+	10	1	1	0	3A/1C/1G/5T	gttttaaatcactaaattttg
seq	ABCC	Mirror_Repeat	286587	286643	57	NA	+	10	37	1	0	0A/7C/0G/3T	tccctcccctagctccccacctcctgacagtccccagtgtgtgatgttcccctccct
seq	ABCC	Mirror_Repeat	288133	288223	91	NA	+	10	71	1	0	1A/2C/0G/7T	tctcttatttccttgagcagtggtttgtagttctccttgaagaggtccttcacatcccttgtaagttgtattcctaggaattttattctct
seq	ABCC	Mirror_Repeat	291776	291863	88	NA	+	11	66	1	0	2A/3C/2G/4T	agaccctgtttgcctgggtatcatcagtggaagctgcagaacagcaaagattgctgcctcttccttcctctggaagctttgtcccaga
seq	ABCC	Mirror_Repeat	293487	293530	44	NA	+	13	14	2	0	0A/6C/0G/7T	ttccttccttcctccctttcccttttttccttccttccttcctt
seq	ABCC	Mirror_Repeat	293489	293532	44	NA	+	11	22	1	0	0A/6C/0G/5T	ccttccttcctccctttcccttttttccttccttccttccttcc
seq	ABCC	Mirror_Repeat	293503	293623	121	NA	+	12	97	1	0	0A/3C/0G/9T	tttcccttttttccttccttccttccttccctccctttcatttctttttctttttgttcttctctttctttctctctctctctttcttcctcttcttcttttttcctttttttttcccttt
seq	ABCC	Mirror_Repeat	295069	295117	49	NA	+	10	29	1	0	2A/5C/0G/3T	ctctcaccatgtgttttcgaggcaatcgatattttttgttaccactctc
seq	ABCC	Mirror_Repeat	295446	295545	100	NA	+	11	78	1	0	8A/1C/0G/2T	aaatataaaacataccacactcattggaaataaaggtagagaggaagaattgggttggtcaccagttgctatttcctcttagaataaagcaaaatataaa
seq	ABCC	Mirror_Repeat	295954	296055	102	NA	+	10	82	1	0	4A/2C/4G/0T	gagacacgagctatcagatggcctgttcttggcacatgaaagggtatgatctataacttgtacaacacagatacatcttgagatccaaaactgagcacagag
seq	ABCC	Mirror_Repeat	296209	296254	46	NA	+	10	26	1	0	8A/0C/0G/2T	aataaaaaataaaacacaaatcccatcttttatgattaaaaaataa
seq	ABCC	Mirror_Repeat	296219	296288	70	NA	+	10	50	1	0	8A/2C/0G/0T	aaaacacaaatcccatcttttatgattaaaaaataatttcagttcactattttaaaacacaaacacaaaa
seq	ABCC	Mirror_Repeat	297842	297876	35	NA	+	10	15	1	0	2A/6C/0G/2T	cttccaccacaccccctgtcaccgccaccaccttc
seq	ABCC	Mirror_Repeat	301572	301673	102	NA	+	12	78	1	0	7A/0C/2G/3T	tagtgaaataaatcattttaagacatactttttggcttacaacccagttaagatccctaacagaatatcaaatacataaacaattatttgaaataaagtgat
seq	ABCC	Mirror_Repeat	305637	305757	121	NA	+	12	97	1	0	1A/8C/0G/3T	ccctctccctcactccctgtgtcccagtcacgtggctgcttgctgtgccttgcacacatcaggcacattctagccttaagtgtttgcaatggcagttcccctccctggaactccctctccc
seq	ABCC	Mirror_Repeat	311581	311603	23	NA	+	10	3	1	0	2A/3C/0G/5T	atcatcttcttcatcttctacta
seq	ABCC	Mirror_Repeat	315516	315537	22	NA	+	11	0	1	1	11A/0C/0G/0T	aaaaaaaaaaaaaaaaaaaaaa
seq	ABCC	Mirror_Repeat	320196	320219	24	NA	+	12	0	1	0	0A/0C/1G/11T	tttttttttttggttttttttttt
seq	ABCC	Mirror_Repeat	321562	321585	24	NA	+	12	0	1	0	0A/0C/0G/12T	tttttttttttttttttttttttt
seq	ABCC	Mirror_Repeat	325888	325962	75	NA	+	10	55	1	0	0A/4C/0G/6T	ctttctctctgtgtctgtgtctctttctgtgtgtgtctgcgtctctctctctctctgtctctttctctctctttc
seq	ABCC	Mirror_Repeat	333030	333049	20	NA	+	10	0	1	1	10A/0C/0G/0T	aaaaaaaaaaaaaaaaaaaa
seq	ABCC	Mirror_Repeat	334901	334938	38	NA	+	11	16	1	0	0A/1C/1G/9T	ctttgttttttttttcagctataaatattttttgtttc
seq	ABCC	Mirror_Repeat	337341	337375	35	NA	+	13	9	1	0	0A/0C/7G/6T	gtgtgtgtgtgtgtgtgtgcacgtgtgtgtgtgtg
seq	ABCC	Mirror_Repeat	337346	337376	31	NA	+	15	1	1	0	0A/1C/7G/7T	tgtgtgtgtgtgtgcacgtgtgtgtgtgtgt
seq	ABCC	Mirror_Repeat	341154	341175	22	NA	+	11	0	1	1	11A/0C/0G/0T	aaaaaaaaaaaaaaaaaaaaaa
seq	ABCC	Mirror_Repeat	341173	341195	23	NA	+	11	1	1	1	9A/0C/2G/0T	aaagaaagaaagaaagaaagaaa
seq	ABCC	Mirror_Repeat	341174	341198	25	NA	+	12	1	1	1	9A/0C/3G/0T	aagaaagaaagaaagaaagaaagaa
seq	ABCC	Mirror_Repeat	352338	352397	60	NA	+	30	0	1	1	24A/0C/0G/6T	aataaaataaaataaaataaaataaaataaaataaaataaaataaaataaaataaaataa
seq	ABCC	Mirror_Repeat	352342	352398	57	NA	+	28	1	1	1	23A/0C/0G/5T	aaataaaataaaataaaataaaataaaataaaataaaataaaataaaataaaataaa
seq	ABCC	Mirror_Repeat	354850	354889	40	NA	+	12	16	1	0	7A/0C/5G/0T	aaaggaaggaaggaaggaaggacagaaagaaggaaggaaa
seq	ABCC	Mirror_Repeat	358539	358558	20	NA	+	10	0	1	0	0A/5C/0G/5T	ctttcctctcctctcctttc
seq	ABCC	Mirror_Repeat	359128	359152	25	NA	+	10	5	1	0	5A/1C/0G/4T	aataatcatttggggttactaataa
seq	ABCC	Mirror_Repeat	359159	359206	48	NA	+	10	28	1	0	1A/1C/0G/8T	tttttacttttcttcattgcttactttataatgagctgtttcattttt
seq	ABCC	Mirror_Repeat	367066	367092	27	NA	+	13	1	1	0	5A/6C/1G/1T	tgcacacacacacacacacacacacgt
seq	ABCC	Mirror_Repeat	375261	375281	21	NA	+	10	1	1	0	4A/0C/0G/6T	tttatatatatatatatattt
seq	ABCC	Mirror_Repeat	381052	381078	27	NA	+	13	1	1	0	7A/0C/0G/6T	atatatatatatatatatatatatata
seq	ABCC	Mirror_Repeat	381053	381079	27	NA	+	13	1	1	0	6A/0C/0G/7T	tatatatatatatatatatatatatat
seq	ABCC	Mirror_Repeat	381537	381632	96	NA	+	11	74	1	0	7A/0C/1G/3T	gaaatttaaaattatcttgagacaaatgaaaatagaaacacaacataccaaaacttatgggtttagcaaaagcagttctaagaaaaaaatttaaag
seq	ABCC	Mirror_Repeat	382015	382074	60	NA	+	10	40	1	0	7A/0C/2G/1T	aaaggataaatccctagacacatgcaatctaccaagactgaatcatgaagaaataggaaa
seq	ABCC	Mirror_Repeat	383106	383202	97	NA	+	12	73	1	0	5A/2C/0G/5T	aaaactatcttttgttcttggattaaaataattaatattatcaaaatgtcgatactacccaaagtgttgtacatattaaatgcaatttctatcaaaa
seq	ABCC	Mirror_Repeat	383173	383227	55	NA	+	10	35	1	0	3A/1C/1G/5T	tgtacatattaaatgcaatttctatcaaaagttcaatgccattttttatacatgt
seq	ABCC	Mirror_Repeat	384661	384697	37	NA	+	18	1	1	0	0A/0C/3G/15T	tttgttttgttttgttttgttttgttttgttttgttt
seq	ABCC	Mirror_Repeat	384662	384701	40	NA	+	20	0	1	0	0A/0C/4G/16T	ttgttttgttttgttttgttttgttttgttttgttttgtt
seq	ABCC	Mirror_Repeat	392563	392674	112	NA	+	11	90	1	0	3A/5C/1G/2T	ccctcagatcaccccattccagcaccttgttacctgttctcatagcaccttgttcttctctttctcagacactgtcatagttcaaattttatttctctcctactagactccc
seq	ABCC	Mirror_Repeat	394709	394738	30	NA	+	10	10	1	0	4A/1C/2G/3T	aaaacgttgtggagtgagtctgttgcaaaa
seq	ABCC	Mirror_Repeat	395540	395583	44	NA	+	10	24	1	0	5A/0C/4G/1T	aagagggaatgtttactccaaaaggatggccccctaagggagaa
seq	ABCC	Mirror_Repeat	397262	397300	39	NA	+	14	11	1	0	7A/7C/0G/0T	cacacacacacacacgcacgcacaaacacacacacacac
seq	ABCC	Mirror_Repeat	398568	398674	107	NA	+	10	87	1	0	3A/0C/3G/4T	ttaagatggtacccaagctaatctttaacattttaaagtttctttaagagtgaattcacagctgtctcctgcatacacctttgtcttaaataatttctggtagaatt
seq	ABCC	Mirror_Repeat	398935	398958	24	NA	+	12	0	1	0	0A/0C/2G/10T	ttttgttttgttttgttttgtttt
seq	ABCC	Mirror_Repeat	398936	398962	27	NA	+	13	1	1	0	0A/0C/2G/11T	tttgttttgttttgttttgttttgttt
seq	ABCC	Mirror_Repeat	399680	399717	38	NA	+	16	6	1	1	13A/0C/3G/0T	aaagaagaaagaaaaaagaaagaaaaagaaagaagaaa
seq	ABCC	Mirror_Repeat	399808	399847	40	NA	+	14	12	1	0	8A/1C/0G/5T	ttataaacaaatatggggggtcatattataaacaaatatt
seq	ABCC	Mirror_Repeat	405876	405902	27	NA	+	13	0	3	0	0A/0C/0G/13T	ttttttttttttttttttttttttttt
seq	ABCC	Mirror_Repeat	407522	407546	25	NA	+	11	1	2	1	6A/5C/0G/0T	acacacacacagacacacacacaca
seq	ABCC	Mirror_Repeat	408379	408420	42	NA	+	12	18	1	0	0A/6C/1G/5T	gtcctctcctctgtgaccatcactgccatctctcctctcctg
seq	ABCC	Mirror_Repeat	411089	411133	45	NA	+	22	1	1	1	0A/0C/11G/11T	tgtgtgtgtgtgtgtgtgtgtgtgtgtgtgtgtgtgtgtgtgtgt
seq	ABCC	Mirror_Repeat	411090	411134	45	NA	+	22	1	1	0	0A/0C/11G/11T	gtgtgtgtgtgtgtgtgtgtgtgtgtgtgtgtgtgtgtgtgtgtg
seq	ABCC	Mirror_Repeat	414237	414347	111	NA	+	10	91	1	0	1A/5C/0G/4T	catccctttctggtagatatttcagttgtttctagtgtgaggctattacaaataaagctgctatgagcattcttgttcaagtctttatgtgctcttaatggctttccctac
seq	ABCC	Mirror_Repeat	416901	416921	21	NA	+	10	0	2	0	0A/0C/0G/10T	ttttttttttttttttttttt
seq	ABCC	Mirror_Repeat	419028	419048	21	NA	+	10	1	1	1	9A/0C/1G/0T	gaaaaaaaaaaaaaaaaaaag
seq	ABCC	Mirror_Repeat	421568	421603	36	NA	+	10	16	1	0	2A/1C/1G/6T	attatctgtttgggtcttttatatcattgtctatta
seq	ABCC	Mirror_Repeat	423838	423912	75	NA	+	11	53	1	0	4A/0C/3G/4T	tgtaagaagttctcctcttcctccagcctgaaagtaccttgcagaactttggaccataaggaaattgaagaatgt
seq	ABCC	Mirror_Repeat	428644	428680	37	NA	+	18	1	1	1	9A/0C/5G/4T	gatagatagatagatagatagatagatagatagatag
seq	ABCC	Mirror_Repeat	428645	428683	39	NA	+	19	1	1	1	10A/0C/4G/5T	atagatagatagatagatagatagatagatagatagata
seq	ABCC	Mirror_Repeat	429677	429744	68	NA	+	10	48	1	0	3A/1C/1G/5T	ttgatatactacatagtaaaatggttatcatagttaagcaaattagcatatcctcatctcatatagtt
seq	ABCC	Mirror_Repeat	430101	430133	33	NA	+	16	1	1	0	1A/0C/7G/8T	atgtgtgtgtgtgtgtgtgtgtgtgtgtgtgta
seq	ABCC	Mirror_Repeat	430604	430623	20	NA	+	10	0	1	0	0A/0C/0G/10T	tttttttttttttttttttt
seq	ABCC	Mirror_Repeat	434860	434890	31	NA	+	15	1	1	0	8A/7C/0G/0T	aacacacacacacacacacacacacacacaa
seq	ABCC	Mirror_Repeat	436380	436403	24	NA	+	12	0	1	1	12A/0C/0G/0T	aaaaaaaaaaaaaaaaaaaaaaaa
seq	ABCC	Mirror_Repeat	438993	439109	117	NA	+	10	97	1	0	5A/1C/2G/2T	gacaaagattcaaaaatgtcatcccctcttgcctcaatcccctgtgcactcacatgctacttgtatggccccaaaacaaggaactccacagccttgttactgagctgttagaaacag
seq	ABCC	Mirror_Repeat	441551	441587	37	NA	+	18	1	1	1	9A/9C/0G/0T	cacacacacacacacacacacacacacacacacacac
seq	ABCC	Mirror_Repeat	441956	441986	31	NA	+	15	1	1	0	8A/7C/0G/0T	acacacacacacacacacacacacacacaca
seq	ABCC	Mirror_Repeat	446226	446299	74	NA	+	12	50	1	0	3A/0C/0G/9T	attttattttatccataatttctattccatatttttctttttatttattttattattctttttattttatttta
seq	ABCC	Mirror_Repeat	446270	446301	32	NA	+	10	12	1	0	2A/0C/0G/8T	ttattttattattctttttattttattttatt
seq	ABCC	Mirror_Repeat	451564	451668	105	NA	+	11	83	1	0	2A/2C/2G/5T	agactctgtttgcctgggtatcagcagcggtggctgcagaacagcagattttcgtgaaccgcgaatgctgctgtctgatcgttcctctggaagttttgtctcaga
seq	ABCC	Mirror_Repeat	452503	452540	38	NA	+	13	12	1	0	6A/0C/0G/7T	ttatatatatataatatatacatatatatatatatatt
seq	ABCC	Mirror_Repeat	453437	453467	31	NA	+	15	1	1	1	8A/1C/6G/0T	agagagagagacagagagacagagagagaga
seq	ABCC	Mirror_Repeat	453457	453483	27	NA	+	11	5	3	1	6A/0C/5G/0T	agagagagagagagaaagagagagaga
seq	ABCC	Mirror_Repeat	463955	464068	114	NA	+	11	92	1	0	6A/1C/4G/0T	ggagaagaaacactaggggtaggggggaactactattatcagaaaagaagaaattgcaaccatgaaatgggcagaaaactattaacataaagaatattcagagcaaagaagagg
seq	ABCC	Mirror_Repeat	469244	469296	53	NA	+	11	31	1	0	3A/1C/1G/6T	ataatgtcttttgcatagacttcctttattgacctttatagatttctgtaata
seq	ABCC	Mirror_Repeat	469483	469506	24	NA	+	11	2	1	1	7A/0C/2G/2T	gaagtaataaaataaataatgaag
seq	ABCC	Mirror_Repeat	472942	472986	45	NA	+	22	1	1	1	4A/0C/11G/7T	gagagagagtgtgtgtgtgtgtgtgtgtgtgtgtgtgagagagag
seq	ABCC	Mirror_Repeat	472978	473016	39	NA	+	10	19	1	0	5A/0C/5G/0T	gagagagagagagagagaaagagagagacagagagagag
seq	ABCC	Mirror_Repeat	472979	473017	39	NA	+	11	17	4	0	6A/0C/5G/0T	agagagagagagagagaaagagagagacagagagagaga
seq	ABCC	Mirror_Repeat	472987	473027	41	NA	+	19	3	1	1	11A/0C/8G/0T	agagagagaaagagagagacagagagagagaaagagagaga
seq	ABCC	Mirror_Repeat	472988	473036	49	NA	+	18	13	1	0	10A/0C/8G/0T	gagagagaaagagagagacagagagagagaaagagagagaaagagagag
seq	ABCC	Mirror_Repeat	474325	474415	91	NA	+	12	67	1	0	4A/2C/3G/3T	actatagggacttgagaaagtttcttcacttctttgaactcaacttatacatcagtaaattgggaataatgtgaacctctcagggatatca
seq	ABCC	Mirror_Repeat	476759	476867	109	NA	+	10	89	1	0	3A/0C/2G/5T	ttaggtattataagtgatctagagatgatttaacatttatgggaggatgtgcataggttatatgtaaacacttcgccattttacataagggacatgagcattatggatt
seq	ABCC	Mirror_Repeat	478399	478443	45	NA	+	10	25	1	0	5A/2C/1G/2T	gatacacatagtcacacacaagctcaacgacacaaatacacatag
seq	ABCC	Mirror_Repeat	479864	479906	43	NA	+	21	1	1	0	11A/10C/0G/0T	acacacacacacacacacacacacacacacacacacacacaca
seq	ABCC	Mirror_Repeat	479865	479907	43	NA	+	21	1	1	0	10A/11C/0G/0T	cacacacacacacacacacacacacacacacacacacacacac
seq	ABCC	Mirror_Repeat	483574	483667	94	NA	+	10	74	1	0	2A/2C/0G/6T	ttcactttatacttctgtgagtttgattttttagatgtcacatatgagtgagatcgtgtggtatttgtctttctgtgcctggcttatttcactt
seq	ABCC	Mirror_Repeat	490006	490074	69	NA	+	34	1	1	1	26A/0C/8G/0T	aagaaagaaagaaagaaagaaagaaagaaagaaagaaagaaagaaagaaagaaagaaagaaagaaagaa
seq	ABCC	Mirror_Repeat	490009	490075	67	NA	+	33	1	1	1	25A/0C/8G/0T	aaagaaagaaagaaagaaagaaagaaagaaagaaagaaagaaagaaagaaagaaagaaagaaagaaa
seq	ABCC	Mirror_Repeat	490037	490092	56	NA	+	19	18	5	0	15A/0C/4G/0T	aaagaaagaaagaaagaaagaaagaaagaaagaaagaaaagaaagaaagaaagaaa
seq	ABCC	Mirror_Repeat	490071	490095	25	NA	+	12	1	1	1	9A/0C/3G/0T	agaaaagaaagaaagaaagaaaaga
seq	ABCC	Mirror_Repeat	491576	491608	33	NA	+	16	1	1	1	8A/8C/0G/0T	cacacacacacacacacacacacacacacacac
seq	ABCC	Mirror_Repeat	491577	491609	33	NA	+	16	1	1	0	8A/8C/0G/0T	acacacacacacacacacacacacacacacaca
seq	ABCC	Mirror_Repeat	495463	495483	21	NA	+	10	1	1	0	0A/5C/0G/5T	ctctctctctctctctctctc
seq	ABCC	Mirror_Repeat	495464	495484	21	NA	+	10	1	1	0	0A/5C/0G/5T	tctctctctctctctctctct
seq	ABCC	Mirror_Repeat	497190	497283	94	NA	+	10	74	1	0	4A/0C/0G/6T	taatttatatgtaattatgtaataaatgagttgagttgtagttgactagttgacatattattcttttttatatatgtaattaaatatatttaat
seq	ABCC	Mirror_Repeat	499136	499157	22	NA	+	10	2	1	1	5A/0C/5G/0T	gagagaggaagaaaggagagag
seq	ABCC	Mirror_Repeat	499578	499673	96	NA	+	10	76	1	0	3A/0C/2G/5T	ggttaaatttaactctatcatcttactacatagtttccatttttactatctgctctttgttttctttttgccccttttttacttcttttaaattgg
seq	ABCC	Mirror_Repeat	505783	505829	47	NA	+	10	27	1	0	9A/0C/0G/1T	aataaaaaaaaaagatttatataaaaagacaaaacttaaaaaaataa
seq	ABCC	Mirror_Repeat	507791	507863	73	NA	+	36	1	1	1	23A/0C/13G/0T	gaggaagaagaagaagaagaagaagaagaagaagaagaagaagaagaagaagaagaagaagaagaagaaggag
seq	ABCC	Mirror_Repeat	507859	507928	70	NA	+	35	0	1	1	12A/0C/23G/0T	aggaggaggaggaggaggaggaggaggaggaggaggaggaggaggaggaggaggaggaggaggaggagga
seq	ABCC	Mirror_Repeat	507861	507929	69	NA	+	34	1	1	1	11A/0C/23G/0T	gaggaggaggaggaggaggaggaggaggaggaggaggaggaggaggaggaggaggaggaggaggaggag
seq	ABCC	Mirror_Repeat	518152	518174	23	NA	+	11	1	1	1	9A/0C/0G/2T	aaataaataaataaataaataaa
seq	ABCC	Mirror_Repeat	519791	519810	20	NA	+	10	0	1	1	8A/0C/0G/2T	aataaaataaaataaaataa
seq	ABCC	Mirror_Repeat	521574	521618	45	NA	+	10	25	1	0	7A/0C/1G/2T	aaagataatataatctaaactaaaatatggactggataatagaaa
seq	ABCC	Mirror_Repeat	522005	522071	67	NA	+	10	47	1	0	1A/2C/1G/6T	tatgttttcctgtcctacgttttgaaaacatttatgcttatcagcatcaaataactgccttttgtat
seq	ABCC	Mirror_Repeat	524177	524227	51	NA	+	18	15	1	0	9A/0C/9G/0T	gaaggaaggaagggagaaaaggaaggagggagtaagagggaaggaaggaag
seq	ABCC	Mirror_Repeat	524229	524257	29	NA	+	14	1	1	1	4A/0C/10G/0T	agggagggagggagggagggagggaggga
seq	ABCC	Mirror_Repeat	524230	524260	31	NA	+	15	1	1	1	3A/0C/12G/0T	gggagggagggagggagggagggagggaggg
seq	ABCC	Mirror_Repeat	524260	524296	37	NA	+	13	11	1	0	4A/0C/9G/0T	gggaagggaaggggaggggagaaagggaagggaaggg
seq	ABCC	Mirror_Repeat	524282	524322	41	NA	+	12	17	1	0	6A/0C/6G/0T	aagggaagggaagggaatgggaggggagaaagggaagggaa
seq	ABCC	Mirror_Repeat	524285	524324	40	NA	+	14	12	1	0	6A/0C/8G/0T	ggaagggaagggaatgggaggggagaaagggaagggaagg
seq	ABCC	Mirror_Repeat	524393	524419	27	NA	+	13	1	1	1	6A/0C/7G/0T	gggaaggaaggaagaaggaaggaaggg
seq	ABCC	Mirror_Repeat	524397	524446	50	NA	+	10	30	1	0	5A/0C/5G/0T	aggaaggaagaaggaaggaaggggaagggaaggtaaaagggaaggaagga
seq	ABCC	Mirror_Repeat	524402	524467	66	NA	+	14	38	1	0	7A/0C/7G/0T	ggaagaaggaaggaaggggaagggaaggtaaaagggaaggaaggaggaaggcaggaaggaagaagg
seq	ABCC	Mirror_Repeat	524434	524513	80	NA	+	15	50	1	0	6A/0C/9G/0T	agggaaggaaggaggaaggcaggaaggaagaagggaagggaaaggaaaagaaagaagggagggagggaggaaggaaggga
seq	ABCC	Mirror_Repeat	524465	524539	75	NA	+	11	53	1	0	5A/0C/6G/0T	agggaagggaaaggaaaagaaagaagggagggagggaggaaggaagggagggagggacaaagggaagggaaggga
seq	ABCC	Mirror_Repeat	524463	524536	74	NA	+	14	46	1	0	7A/0C/7G/0T	gaagggaagggaaaggaaaagaaagaagggagggagggaggaaggaagggagggagggacaaagggaagggaag
seq	ABCC	Mirror_Repeat	524490	524562	73	NA	+	13	47	1	0	3A/0C/10G/0T	gggagggagggaggaaggaagggagggagggacaaagggaagggaagggagggaggggttgagggagggaggg
seq	ABCC	Mirror_Repeat	524550	524625	76	NA	+	13	46	2	0	3A/0C/10G/0T	gagggagggaggggaaaggaagggaggaaagaaggaaggagaagggagataaagaggaagggagggagggagggag
seq	ABCC	Mirror_Repeat	524551	524628	78	NA	+	12	54	1	0	3A/0C/9G/0T	agggagggaggggaaaggaagggaggaaagaaggaaggagaagggagataaagaggaagggagggagggagggaggga
seq	ABCC	Mirror_Repeat	526004	526058	55	NA	+	10	35	1	0	3A/0C/7G/0T	ggagggaaggaaggaagaaaggaaggagggagggaaggaggggggggaagggagg
seq	ABCC	Mirror_Repeat	526031	526059	29	NA	+	11	7	1	1	3A/0C/8G/0T	gggagggaaggaggggggggaagggaggg
seq	ABCC	Mirror_Repeat	526117	526151	35	NA	+	17	1	1	1	13A/0C/4G/0T	agaaagaaagaaagaaagaaagaaagaaagaaaga
seq	ABCC	Mirror_Repeat	526119	526153	35	NA	+	17	1	1	1	13A/0C/4G/0T	aaagaaagaaagaaagaaagaaagaaagaaagaaa
seq	ABCC	Mirror_Repeat	526138	526174	37	NA	+	17	3	1	1	13A/0C/4G/0T	gaaagaaagaaagaaaaaagaaaagaaagaaagaaag
seq	ABCC	Mirror_Repeat	526175	526197	23	NA	+	11	1	1	1	7A/0C/4G/0T	gaaagaaagagggagaaagaaag
seq	ABCC	Mirror_Repeat	526655	526720	66	NA	+	10	46	1	0	5A/0C/2G/3T	tattagagaaatccttgctaagaagacataaataaagaaaacgtaacaacctggtgaagagattat
seq	ABCC	Mirror_Repeat	526823	526894	72	NA	+	10	52	1	0	3A/3C/1G/3T	tctcgaaactcattttgcttaagattgctcatgtctgtaaagtgtcagggctggaacaaaaatcaaagctct
seq	ABCC	Mirror_Repeat	531147	531244	98	NA	+	10	78	1	0	0A/1C/4G/5T	ctggggttttatctttaactccctggtaatccaaacggagcaggaaaacctcagacaatagagcctcttttttgctttacatccacttttttggggtc
seq	ABCC	Mirror_Repeat	533051	533073	23	NA	+	11	0	3	1	11A/0C/0G/0T	aaaaaaaaaaaaaaaaaaaaaaa
seq	ABCC	Mirror_Repeat	534714	534734	21	NA	+	10	1	1	1	9A/0C/0G/1T	aaaataaaaataaaaataaaa
seq	ABCC	Mirror_Repeat	536896	536915	20	NA	+	10	0	1	1	8A/0C/1G/1T	tgaaaaaaaaaaaaaaaagt
seq	ABCC	Mirror_Repeat	541686	541727	42	NA	+	10	15	2	0	0A/2C/0G/8T	cttttttcttccttcatttctttctttcttttttcttttttc
seq	ABCC	Mirror_Repeat	543818	543838	21	NA	+	10	1	1	0	0A/0C/1G/9T	tttttgttttgttttgttttt
seq	ABCC	Mirror_Repeat	544681	544707	27	NA	+	12	3	1	0	3A/3C/0G/6T	tctaatctctatgcatatctctaatct
seq	ABCC	Mirror_Repeat	549005	549069	65	NA	+	10	45	1	0	2A/7C/0G/1T	caccacccctcagaactcacatcccatgtgcctccactgagtactcttcagcaattccccaccac
seq	ABCC	Mirror_Repeat	550847	550879	33	NA	+	16	0	3	0	0A/0C/0G/16T	ttttttttttttttttttttttttttttttttt
seq	ABCC	Mirror_Repeat	552247	552270	24	NA	+	12	0	1	0	0A/0C/0G/12T	tttttttttttttttttttttttt
seq	ABCC	Mirror_Repeat	553881	553901	21	NA	+	10	0	2	0	0A/0C/0G/10T	ttttttttttttttttttttt
seq	ABCC	Mirror_Repeat	556701	556787	87	NA	+	12	63	1	0	9A/2C/0G/1T	aaaaccataaaaaccctagaagaaaacctaggcaataccattcaggacataggcatggacaaggacttcatggctaaaataccaaaa
seq	ABCC	Mirror_Repeat	558887	558907	21	NA	+	10	1	1	0	2A/0C/0G/8T	ttatttatttatttatttatt
seq	ABCC	Mirror_Repeat	560263	560383	121	NA	+	11	99	1	0	9A/0C/1G/1T	agaataaaaaattttaacatttttttttaccagaaaatatgtaatcggaatagcttctaaatactggcaaacaacaacaaaaggatactcttactttgatttcaaagaaaaaaaaataaga
seq	ABCC	Mirror_Repeat	562255	562334	80	NA	+	10	60	1	0	6A/4C/0G/0T	acaaacaaccccatcaaaaagtgggcaaaggaaatgaacagacacttctcaaaagaagacatttatgcggccaacaaaca
seq	ABCC	Mirror_Repeat	564379	564429	51	NA	+	10	31	1	0	3A/3C/1G/3T	tatacccatggaatataaatctttctaccataaagacacatgtacccatat
seq	ABCC	Mirror_Repeat	565935	565955	21	NA	+	10	1	1	1	9A/0C/1G/0T	aaaaaagaaagaaagaaaaaa
seq	ABCC	Mirror_Repeat	568240	568274	35	NA	+	17	1	1	0	0A/0C/9G/8T	gtgtgtgtgtgtgtgtgtgtgtgtgtgtgtgtgtg
seq	ABCC	Mirror_Repeat	568241	568275	35	NA	+	17	1	1	0	0A/0C/8G/9T	tgtgtgtgtgtgtgtgtgtgtgtgtgtgtgtgtgt
seq	ABCC	Mirror_Repeat	574418	574522	105	NA	+	10	85	1	0	5A/1C/1G/3T	ttaaagaatcccaaaggagttttctcaaccatggccataaccccaaagaggtgaacttagtttattaattagcatttgcaattgtagcctaaagtctaagaaatt
seq	ABCC	Mirror_Repeat	575148	575240	93	NA	+	10	73	1	0	2A/1C/1G/6T	atgactttttaaggcacaaagtagtataacctaagtgccataatttgtttagccagtttcttagtgttggtcagttagcttgttttttcagta
seq	ABCC	Mirror_Repeat	575822	575938	117	NA	+	10	97	1	0	8A/0C/0G/2T	ataaaataaaaacagaaaattacagcaaatactttgataccacctaccgcatattattaaatgttagtattttaacatagttgcttcaaacatgtttcttagaaaagaaataaaata
seq	ABCC	Mirror_Repeat	576510	576593	84	NA	+	10	64	1	0	3A/1C/1G/5T	agttaactttaaatgtttattttgtaactggccatataactggattcttactatgtgtatctaatactataatttttcaattga
seq	ABCC	Mirror_Repeat	577176	577216	41	NA	+	11	19	1	0	6A/1C/0G/4T	attttaacaaaaacttatttttttttagtcaaacaatttta
seq	ABCC	Mirror_Repeat	579676	579698	23	NA	+	11	1	1	1	6A/0C/2G/3T	agaaagatttagatttagaaaga
seq	ABCC	Mirror_Repeat	579677	579713	37	NA	+	14	9	1	0	6A/0C/3G/5T	gaaagatttagatttagaaagacttagatttagaaag
seq	ABCC	Mirror_Repeat	583023	583057	35	NA	+	17	1	1	0	1A/0C/8G/8T	atgtgtgtgtgtgtgtgtgtgtgtgtgtgtgtgta
seq	ABCC	Mirror_Repeat	587615	587637	23	NA	+	10	3	1	0	0A/4C/0G/6T	ctctctcttttcctttctctctc
seq	ABCC	Mirror_Repeat	590345	590371	27	NA	+	13	1	1	0	0A/0C/3G/10T	gttttgtttgtttgtttgtttgttttg
seq	ABCC	Mirror_Repeat	595074	595196	123	NA	+	12	99	1	0	7A/1C/2G/2T	aattaaaggaacacattttaattctaaaacctagttttcttaaaccttgaagttcaacatagaaaccttattactccatttataaattgagtagagtttaaccatcagtttcaaggaaattaa
seq	ABCC	Mirror_Repeat	597479	597505	27	NA	+	13	1	1	0	7A/6C/0G/0T	acacacacacacacacacacacacaca
seq	ABCC	Mirror_Repeat	597480	597506	27	NA	+	13	1	1	0	6A/7C/0G/0T	cacacacacacacacacacacacacac
seq	ABCC	Mirror_Repeat	600218	600277	60	NA	+	11	38	1	0	5A/2C/1G/3T	aacagaatctttatcttttatcccttttctccttttacctggtaagtccttctaagacaa
seq	ABCC	Mirror_Repeat	603685	603711	27	NA	+	13	1	1	1	10A/0C/0G/3T	aaataaataaataaataaataaataaa
seq	ABCC	Mirror_Repeat	606961	607058	98	NA	+	10	78	1	0	2A/5C/0G/3T	catactctcctaccagtcactgtacccacactctcagccttcctgcctagtccctatgaaaactccccatgagtccctggcaccaacccctctcatac
seq	ABCC	Mirror_Repeat	608143	608162	20	NA	+	10	0	1	0	0A/0C/0G/10T	tttttttttttttttttttt
seq	ABCC	Mirror_Repeat	609189	609237	49	NA	+	24	1	1	0	4A/0C/0G/20T	ttttattttattttattttattttattttattttattttattttatttt
seq	ABCC	Mirror_Repeat	609191	609240	50	NA	+	25	0	1	0	5A/0C/0G/20T	ttattttattttattttattttattttattttattttattttattttatt
seq	ABCC	Mirror_Repeat	610061	610081	21	NA	+	10	0	2	0	0A/0C/0G/10T	ttttttttttttttttttttt
seq	ABCC	Mirror_Repeat	610581	610627	47	NA	+	18	11	1	0	1A/0C/8G/9T	gtgtgtgtgtgtgtatgtgtgtgtgtgtatgtatgtgtgtgtgtgtg
seq	ABCC	Mirror_Repeat	610613	610639	27	NA	+	13	1	1	0	1A/0C/6G/6T	atgtgtgtgtgtgtgtgtgtgtgtgta
seq	ABCC	Mirror_Repeat	611052	611086	35	NA	+	14	7	1	0	0A/0C/2G/12T	tgtttttttgttttgttttgtttttgtttttttgt
seq	ABCC	Mirror_Repeat	615736	615840	105	NA	+	10	85	1	0	7A/1C/0G/2T	aaaatactaaatatgagtgactgctgcttctttacaaattacggctttcacttagcttcgtgtctcccacctcctaaatgagatctattcagaccaatcataaaa
seq	ABCC	Mirror_Repeat	617593	617617	25	NA	+	12	0	3	0	0A/0C/0G/12T	ttttttttttttttttttttttttt
seq	ABCC	Mirror_Repeat	617676	617710	35	NA	+	10	15	1	0	5A/0C/2G/3T	gtaataatgagtctccttgataactagtaataatg
seq	ABCC	Mirror_Repeat	620360	620440	81	NA	+	11	59	1	0	3A/1C/0G/7T	taaattttttcagtacaaaattcatgactgttcatccctaggctgcattgtgtccaaccttgtaggagtccttttttaaat
seq	ABCC	Mirror_Repeat	623585	623604	20	NA	+	10	0	1	0	0A/0C/0G/10T	tttttttttttttttttttt
seq	ABCC	Mirror_Repeat	624909	624932	24	NA	+	11	2	1	0	0A/0C/2G/9T	gttttttgtttgttttgttttttg
seq	ABCC	Mirror_Repeat	625316	625355	40	NA	+	10	20	1	0	1A/0C/1G/8T	ttttatgtttcatatagaatcaactgtcattttgtatttt
seq	ABCC	Mirror_Repeat	627551	627588	38	NA	+	11	16	1	0	2A/1C/3G/5T	aggagttctttaatttagagcaaaaggtttcttgagga
seq	ABCC	Mirror_Repeat	628159	628264	106	NA	+	12	82	1	0	6A/2C/1G/3T	gacaataattcaagtttgcgctgactttgtaaataaattgaaaaacctattcaatcattattattaaacatctaactacttacttttatataggacttaataacag
seq	ABCC	Mirror_Repeat	628586	628614	29	NA	+	10	9	1	0	4A/3C/1G/2T	ctccatagaagtgcagaacaagatacctc
seq	ABCC	Mirror_Repeat	631639	631665	27	NA	+	10	7	1	0	3A/0C/1G/6T	ttatatgtatttgtgtatatgtatatt
seq	ABCC	Mirror_Repeat	632619	632647	29	NA	+	14	1	1	1	13A/1C/0G/0T	aaaaaaaacaaaaacaaaaacaaaaaaaa
seq	ABCC	Mirror_Repeat	635749	635843	95	NA	+	10	75	1	0	3A/1C/1G/5T	cttttaaagtaataacctggccatatttaaaataaaatatccaagctcaaaagagaattaaaattcttaattttctagagtattctgaaattttc
seq	ABCC	Mirror_Repeat	639504	639581	78	NA	+	11	56	1	0	10A/0C/1G/0T	aaaaaaaaaaggaaagaaactgtgccacaaattatttgttagtaacaacaaaagctcaaattaaatagaaaaaaaaaa
seq	ABCC	Mirror_Repeat	640481	640503	23	NA	+	11	1	1	1	10A/1C/0G/0T	aaaaacaaaaacaaaaacaaaaa
seq	ABCC	Mirror_Repeat	640482	640508	27	NA	+	13	1	1	1	11A/2C/0G/0T	aaaacaaaaacaaaaacaaaaacaaaa
seq	ABCC	Mirror_Repeat	641688	641753	66	NA	+	10	46	1	0	6A/0C/1G/3T	ttaagtaaaacaatgtctttagctgtaagttattagggagaaaccatatataatttaaaatgaatt
seq	ABCC	Mirror_Repeat	647053	647086	34	NA	+	10	14	1	0	1A/2C/0G/7T	tcttattctttacttttatactcattcttattct
seq	ABCC	Mirror_Repeat	649419	649454	36	NA	+	10	16	1	0	0A/4C/0G/6T	cttctctttcttgtctacttttatgcctttctcttc
seq	ABCC	Mirror_Repeat	650787	650903	117	NA	+	10	97	1	0	4A/2C/1G/3T	ctaaagtactgcaaaagttaatataataatgcttggatattgttaccatttatcaatcaactggacaaattaggtaaattataacccataggcctgaatttcctaactcatgaaatc
seq	ABCC	Mirror_Repeat	653215	653239	25	NA	+	12	1	1	1	6A/4C/0G/2T	tatacacacacacacacacacatat
seq	ABCC	Mirror_Repeat	653230	653296	67	NA	+	11	45	1	0	6A/3C/0G/2T	acacacatatacaatatataaatgtataaatctatatttataaaatatataaatatatatacacaca
seq	ABCC	Mirror_Repeat	653282	653304	23	NA	+	11	1	1	0	6A/1C/0G/4T	atatatatacacacatatatata
seq	ABCC	Mirror_Repeat	654274	654296	23	NA	+	11	0	3	0	0A/0C/0G/11T	ttttttttttttttttttttttt
seq	ABCC	Mirror_Repeat	654789	654877	89	NA	+	10	69	1	0	4A/0C/0G/6T	aatatttttaataaatccatatagggaccacttttagaaagtggcataattctggttagcatatctaaaagagtaaagcatttttataa
seq	ABCC	Mirror_Repeat	654918	654952	35	NA	+	17	1	1	0	0A/13C/0G/4T	cctctccctccccctccccctccccctccctctcc
seq	ABCC	Mirror_Repeat	657770	657867	98	NA	+	10	78	1	0	1A/2C/0G/7T	tttcttttcatgtttttgttggacttgataggctaaacgtctgtttagaagttttatatctatgttcatgaggaacatttttctgtagacttttcttt
seq	ABCC	Mirror_Repeat	658147	658246	100	NA	+	10	80	1	0	1A/3C/1G/5T	tttgtccactttaaggtgttgaattacaggcatacagtttatagtattcattaatcattcttttactatctttaaaacctcttagtctcatcacctgttt
seq	ABCC	Mirror_Repeat	660633	660697	65	NA	+	13	39	1	0	10A/2C/0G/1T	aactaaaaaacaagagtaaattatatccaaagcaaggagaagaaataataaaaacaaaaaatcaa
seq	ABCC	Mirror_Repeat	661014	661130	117	NA	+	10	97	1	0	8A/1C/0G/1T	aaaaaacaataccatttacaatagcgccaaacccaaagaaatacttatgtataaagctaataaaacatgagcataatctatatgctacgcaaaaaactacaaagctctaacaaaaaa
seq	ABCC	Mirror_Repeat	663366	663390	25	NA	+	12	0	3	1	12A/0C/0G/0T	aaaaaaaaaaaaaaaaaaaaaaaaa
seq	ABCC	Mirror_Repeat	664678	664697	20	NA	+	10	0	1	1	9A/0C/1G/0T	aaaaaaaaaggaaaaaaaaa
seq	ABCC	Mirror_Repeat	665629	665657	29	NA	+	10	9	1	0	4A/1C/1G/4T	ttgtcaaaatgtagccacataaaactgtt
seq	ABCC	Mirror_Repeat	670503	670541	39	NA	+	11	17	1	0	6A/0C/0G/5T	tttttaaaaaataaaatttatttatttaaaaaaattttt
seq	ABCC	Mirror_Repeat	670956	671003	48	NA	+	10	28	1	0	2A/0C/0G/8T	ttttttattataagcagtcaaaataatgagtctttgaaattatttttt
seq	ABCC	Mirror_Repeat	671080	671101	22	NA	+	10	2	1	1	5A/3C/0G/2T	ttaccaacaagaaacaaccatt
seq	ABCC	Mirror_Repeat	674064	674106	43	NA	+	11	21	1	0	3A/2C/0G/6T	cttatttctaatctcatgagtattattgtaacaatctttattc
seq	ABCC	Mirror_Repeat	676219	676242	24	NA	+	12	0	1	1	12A/0C/0G/0T	aaaaaaaaaaaaaaaaaaaaaaaa
seq	ABCC	Mirror_Repeat	676756	676810	55	NA	+	10	35	1	0	4A/0C/0G/6T	tattttataatgtacaataccaccctaattttgttttcttatttgaatattttat
seq	ABCC	Mirror_Repeat	681199	681225	27	NA	+	12	3	1	1	6A/5C/0G/1T	cacatacacacatacacacacatacac
seq	ABCC	Mirror_Repeat	681204	681228	25	NA	+	12	1	1	0	6A/5C/0G/1T	acacacatacacacacatacacaca
seq	ABCC	Mirror_Repeat	681222	681258	37	NA	+	18	1	1	0	9A/9C/0G/0T	acacacacacacacacacacacacacacacacacaca
seq	ABCC	Mirror_Repeat	682198	682227	30	NA	+	11	8	1	0	5A/2C/1G/3T	gtctctaaaaaaagaaaacaaaaatctctg
seq	ABCC	Mirror_Repeat	682231	682257	27	NA	+	10	7	3	1	10A/0C/0G/0T	aaaaaaaaaaaagttataaaaaaaaaa
seq	ABCC	Mirror_Repeat	684992	685018	27	NA	+	13	1	1	0	3A/0C/0G/10T	tttatttatttatttatttatttattt
seq	ABCC	Mirror_Repeat	684993	685021	29	NA	+	14	1	1	0	3A/0C/0G/11T	ttatttatttatttatttatttatttatt
seq	ABCC	Mirror_Repeat	685329	685446	118	NA	+	11	96	1	0	5A/2C/1G/3T	tgacaaaattctctagcttttctttgacatgaggaatgtagaaggagggatagatggcatgacaaagtttggaaatcacttctttaagcatccacatactccttaggcttaaaacagt
seq	ABCC	Mirror_Repeat	687055	687144	90	NA	+	10	70	1	0	0A/6C/3G/1T	cgccgctgccgccggctccgaggccgcggagttcgctgtcggctgtctcggctccggctacagaggggatggggtctggaccgtcgccgc
seq	ABCC	Mirror_Repeat	687135	687237	103	NA	+	10	83	1	0	0A/6C/3G/1T	ccgtcgccgccaccgccgccgccattaccatcagcaataacaacaacacaatgtcaacatccgcccagaggccgacacctccacaagcacagacgccgctgcc
seq	ABCC	Mirror_Repeat	687148	687245	98	NA	+	10	78	1	0	0A/7C/3G/0T	cgccgccgccattaccatcagcaataacaacaacacaatgtcaacatccgcccagaggccgacacctccacaagcacagacgccgctgccgccgccgc
seq	ABCC	Mirror_Repeat	687336	687396	61	NA	+	14	33	1	0	0A/4C/10G/0T	cgggcgggcgggcgcgtgcgtgggcgcgtgggcgagcggactggctggcgggcgggcgggc
seq	ABCC	Mirror_Repeat	687339	687397	59	NA	+	11	37	1	0	0A/3C/8G/0T	gcgggcgggcgcgtgcgtgggcgcgtgggcgagcggactggctggcgggcgggcgggcg
seq	ABCC	Mirror_Repeat	687411	687480	70	NA	+	10	50	1	0	0A/6C/3G/1T	cctcgcgcgctcccaggccaccgtctttcctctgcttctacccgcagacggcgaccggggcgcgcgctcc
seq	ABCC	Mirror_Repeat	688135	688166	32	NA	+	13	6	1	1	6A/1C/6G/0T	gcaggaaggaagaaaggatagaaggaaggacg
seq	ABCC	Mirror_Repeat	688155	688216	62	NA	+	10	42	1	0	5A/0C/5G/0T	gaaggaaggacgagaagaatgaaagaagaatgggagagaaagaaagaaggggaggaaggaag
seq	ABCC	Mirror_Repeat	688756	688792	37	NA	+	10	17	1	0	4A/2C/4G/0T	ggaggacacaggaagtgtcagtggggcacacaggagg
seq	ABCC	Mirror_Repeat	689945	689985	41	NA	+	13	1	9	0	0A/0C/6G/7T	tgtgtgtgtgtgtctgtgtgtgtgtgtgtgtgtgtgtgtgt
seq	ABCC	Mirror_Repeat	691667	691723	57	NA	+	11	35	1	0	3A/0C/1G/7T	ttatttattgagacagaggtacaatcaccattcactgcagtccaatagttatttatt
seq	ABCC	Mirror_Repeat	691713	691740	28	NA	+	14	0	1	0	4A/0C/1G/9T	agttatttatttattatttatttattga
seq	ABCC	Mirror_Repeat	693044	693100	57	NA	+	20	17	1	0	5A/0C/0G/15T	ttatttatttatttatttatttatttatgtatttatgtatttatttatttatttatt
seq	ABCC	Mirror_Repeat	693051	693101	51	NA	+	25	1	1	0	6A/0C/1G/18T	tttatttatttatttatttatgtatttatgtatttatttatttatttattt
seq	ABCC	Mirror_Repeat	694579	694648	70	NA	+	12	46	1	0	7A/1C/0G/4T	ataataaatctatgaaatccatgttgtttctcttagattctcctggagtaatatctaaatctaaataata
seq	ABCC	Mirror_Repeat	694585	694670	86	NA	+	12	62	1	0	6A/1C/1G/4T	aatctatgaaatccatgttgtttctcttagattctcctggagtaatatctaaatctaaataataataatacctataaagtatctaa
seq	ABCC	Mirror_Repeat	695357	695414	58	NA	+	10	38	1	0	1A/3C/1G/5T	tcttcatctgttagttctggttcttgtctctgaggacacacaaaacaagtctacttct
seq	ABCC	Mirror_Repeat	697260	697292	33	NA	+	16	1	1	0	8A/8C/0G/0T	acacacacacacacacacacacacacacacaca
seq	ABCC	Mirror_Repeat	697261	697293	33	NA	+	16	1	1	1	8A/8C/0G/0T	cacacacacacacacacacacacacacacacac
seq	ABCC	Mirror_Repeat	698955	698974	20	NA	+	10	0	1	1	6A/0C/0G/4T	aaattaattaattaattaaa
seq	ABCC	Mirror_Repeat	702438	702466	29	NA	+	10	9	1	0	9A/0C/0G/1T	aaataaaaaaaaacaaattaaaaaataaa
seq	ABCC	Mirror_Repeat	702790	702872	83	NA	+	20	43	1	0	8A/0C/2G/10T	atatatatatgtgtatatatgtgtatatgtatgtgtatatatatatgtgtatatatatgtgtatatatatgtgtatatatata
seq	ABCC	Mirror_Repeat	702825	702873	49	NA	+	24	1	1	1	9A/0C/3G/12T	tatatatatatgtgtatatatatgtgtatatatatgtgtatatatatat
seq	ABCC	Mirror_Repeat	703605	703647	43	NA	+	21	1	1	0	10A/0C/0G/11T	tatatatatatatatatatatatatatatatatatatatatat
seq	ABCC	Mirror_Repeat	703606	703648	43	NA	+	21	1	1	0	11A/0C/0G/10T	atatatatatatatatatatatatatatatatatatatatata
seq	ABCC	Mirror_Repeat	703694	703790	97	NA	+	10	77	1	0	6A/0C/0G/4T	aattaaatatatacaaattttatttgattaatatctcaaaaagctggggaaaaaaaagacttaggtctgaatccagattccactgcctataaattaa
seq	ABCC	Mirror_Repeat	704382	704402	21	NA	+	10	1	1	0	0A/0C/3G/7T	tgttgttgttgttgttgttgt
seq	ABCC	Mirror_Repeat	704384	704403	20	NA	+	10	0	1	0	0A/0C/3G/7T	ttgttgttgttgttgttgtt
seq	ABCC	Mirror_Repeat	705124	705150	27	NA	+	10	7	1	1	7A/0C/3G/0T	gaaaagaaagtcttttggaaagaaaag
seq	ABCC	Mirror_Repeat	705666	705686	21	NA	+	10	1	1	0	0A/1C/0G/9T	ttttttctttctttctttttt
seq	ABCC	Mirror_Repeat	705681	705705	25	NA	+	12	0	3	0	0A/0C/0G/12T	ttttttttttttttttttttttttt
seq	ABCC	Mirror_Repeat	707622	707643	22	NA	+	11	0	1	1	11A/0C/0G/0T	aaaaaaaaaaaaaaaaaaaaaa
seq	ABCC	Mirror_Repeat	708514	708625	112	NA	+	10	92	1	0	9A/1C/0G/0T	aaaaacaaaatgatactttgattgcaagtctaaatccaggatctgattttggcaagtcgtttaacctctcaatatcttattgtggaaataacagttaaaaaaaaaacaaaaa
seq	ABCC	Mirror_Repeat	712054	712078	25	NA	+	12	1	1	1	6A/1C/0G/5T	catatatatatatatatatatatac
seq	ABCC	Mirror_Repeat	712071	712091	21	NA	+	10	1	1	0	5A/2C/0G/3T	atatatacacacacatatata
seq	ABCC	Mirror_Repeat	718456	718476	21	NA	+	10	1	1	1	4A/0C/6G/0T	ggggaggaaagaaaggagggg
seq	ABCC	Mirror_Repeat	721962	722003	42	NA	+	10	22	1	0	1A/0C/4G/5T	tgtttgaggtcctccctccaaaatcttcaggatggagtttgt
seq	ABCC	Mirror_Repeat	723448	723480	33	NA	+	11	11	1	0	0A/4C/7G/0T	gcggcggcggcagcagcagcagcggcggcggcg
seq	ABCC	Mirror_Repeat	723449	723482	34	NA	+	10	14	1	0	0A/4C/6G/0T	cggcggcggcagcagcagcagcggcggcggcggc
seq	ABCC	Mirror_Repeat	724463	724570	108	NA	+	11	86	1	0	5A/1C/4G/1T	agaggaacagtcacgcgggctgcaagtgcgtcgggagccaggtgcactacgcgcgctccgaggatgaggactccctgtcgccggcctcagccaacgatgacaaggaga
seq	ABCC	Mirror_Repeat	726274	726316	43	NA	+	21	1	1	0	10A/11C/0G/0T	cacacacacacacacacacacacacacacacacacacacacac
seq	ABCC	Mirror_Repeat	726275	726317	43	NA	+	21	1	1	0	11A/10C/0G/0T	acacacacacacacacacacacacacacacacacacacacaca
seq	ABCC	Mirror_Repeat	727118	727147	30	NA	+	15	0	1	1	15A/0C/0G/0T	aaaaaaaaaaaaaaaaaaaaaaaaaaaaaa
seq	ABCC	Mirror_Repeat	727654	727677	24	NA	+	10	4	1	1	7A/0C/3G/0T	agaaagaaagaatggaaagaaaga
seq	ABCC	Mirror_Repeat	728091	728187	97	NA	+	10	77	1	0	2A/1C/3G/4T	ttctgaagtggtcatcatagctcagtcccttccccactcccctaaagaatatctaataattttaggagagacaaaacacttggggatgtgaagtctt
seq	ABCC	Mirror_Repeat	728227	728256	30	NA	+	10	10	1	0	2A/7C/1G/0T	accaccccgctaacccacaacgccccacca
seq	ABCC	Mirror_Repeat	728640	728711	72	NA	+	10	52	1	0	3A/0C/7G/0T	ggaggggagacatggagaagagctctggggcatgatctcaagcccagccttacgggtgtgagagaggggagg
seq	ABCC	Mirror_Repeat	730079	730127	49	NA	+	24	1	1	1	13A/0C/11G/0T	aagagagagagagagagagagagagagagagagagagagagagagagaa
seq	ABCC	Mirror_Repeat	730680	730704	25	NA	+	12	0	3	0	0A/0C/0G/12T	ttttttttttttttttttttttttt
seq	ABCC	Mirror_Repeat	731021	731081	61	NA	+	11	39	1	0	0A/1C/0G/10T	ttttcttttttctgcttgtcaaaaatttctttctctttcttttcttctctttttttctttt
seq	ABCC	Mirror_Repeat	734934	735024	91	NA	+	10	71	1	0	1A/2C/0G/7T	ttttcatcttctcaaatgaaacctccatacccattaaacaataactcccctgtcctgtgccttctgccctgacaaccaccattctactttt
seq	ABCC	Mirror_Repeat	735179	735217	39	NA	+	10	19	1	0	5A/1C/3G/1T	atggacagaagcatggtcttgggggctgcaagacaggta
seq	ABCC	Mirror_Repeat	735957	735977	21	NA	+	10	1	1	0	1A/0C/0G/9T	ttttttatttatttatttttt
seq	ABCC	Mirror_Repeat	736128	736148	21	NA	+	10	0	2	0	0A/0C/0G/10T	ttttttttttttttttttttt
seq	ABCC	Mirror_Repeat	739636	739660	25	NA	+	12	0	3	0	0A/0C/0G/12T	ttttttttttttttttttttttttt
seq	ABCC	Mirror_Repeat	741882	741947	66	NA	+	10	46	1	0	7A/0C/2G/1T	agataaagaattaaaggaactaaaaagtccactaatgaaagcgtaatgactgaagcaagaaataga
seq	ABCC	Mirror_Repeat	742286	742384	99	NA	+	12	75	1	0	3A/0C/2G/7T	tttatgattgtaagtaaactttaaaaaattactcctggatatatatccagagtcaatgtggatagccttgctaaagagatgaagattatgttagtattt
seq	ABCC	Mirror_Repeat	742596	742623	28	NA	+	14	0	1	0	0A/0C/2G/12T	ttttttgttttgttttgttttgtttttt
seq	ABCC	Mirror_Repeat	742831	742852	22	NA	+	11	0	1	0	4A/0C/0G/7T	ttatttaattaattaatttatt
seq	ABCC	Mirror_Repeat	746282	746361	80	NA	+	10	60	1	0	0A/0C/2G/8T	ttttgttttgtgcaggatctcattattttgtagtagggaattcctttagactattttgtctaccacgtcagttttgtttt
seq	ABCC	Mirror_Repeat	746358	746410	53	NA	+	11	31	1	0	0A/1C/0G/10T	ttttttttttctttcttcagctgaggaagatttttttccccactttttttttt
seq	ABCC	Mirror_Repeat	746401	746424	24	NA	+	12	0	1	0	0A/0C/0G/12T	tttttttttttttttttttttttt
seq	ABCC	Mirror_Repeat	747498	747526	29	NA	+	14	1	1	1	12A/2C/0G/0T	aaaaacaaaaacaaaaacaaaaacaaaaa
seq	ABCC	Mirror_Repeat	753170	753210	41	NA	+	20	1	1	0	1A/0C/1G/18T	gatttttttttttttttttttttttttttttttttttttag
seq	ABCC	Mirror_Repeat	753543	753566	24	NA	+	10	4	1	1	6A/0C/0G/4T	tattaaaaataccttaaaaattat
seq	ABCC	Mirror_Repeat	754069	754124	56	NA	+	15	26	1	0	3A/0C/0G/12T	ttattttattttatttttttatttttatttttttaattttcttattttattttatt
seq	ABCC	Mirror_Repeat	754589	754663	75	NA	+	11	53	1	0	2A/1C/2G/6T	tctttatggtagcatgaattatagtcctttgggtatatacccagtaatgggatggctgggtcaaatggtatttct
seq	ABCC	Mirror_Repeat	755389	755413	25	NA	+	10	5	1	0	4A/0C/0G/6T	tatatatattattatttatatatat
seq	ABCC	Mirror_Repeat	755919	755951	33	NA	+	16	1	1	1	8A/0C/8G/0T	agagagagagagagagagagagagagagagaga
seq	ABCC	Mirror_Repeat	755949	755991	43	NA	+	21	1	1	1	16A/0C/5G/0T	agaaagaaagaaagaaagaaagaaagaaagaaagaaagaaaga
seq	ABCC	Mirror_Repeat	755952	755992	41	NA	+	20	1	1	1	15A/0C/5G/0T	aagaaagaaagaaagaaagaaagaaagaaagaaagaaagaa
seq	ABCC	Mirror_Repeat	755967	756004	38	NA	+	14	10	3	0	11A/0C/3G/0T	aaagaaagaaagaaagaaagaaagaagaaagaaagaaa
seq	ABCC	Mirror_Repeat	757575	757633	59	NA	+	12	35	1	0	7A/0C/3G/2T	agaagttaaagatatatatataaggaaaactataaagtactgattaaagaaattgaaga
seq	ABCC	Mirror_Repeat	758609	758713	105	NA	+	10	85	1	0	9A/0C/0G/1T	taaaaaaaaaaaaaaattaaattaaattaaatttaaaaacccacacaaatgattcaattgttttaatgggcaagcaatctgaatagacatttctcaaaaaaaaat
seq	ABCC	Mirror_Repeat	758946	759016	71	NA	+	10	51	1	0	7A/1C/0G/2T	ataactaaaaactgctatatgatccagcaatttcactactgggtatatatacaaaagaagcaaaatcaata
seq	ABCC	Mirror_Repeat	764370	764451	82	NA	+	10	62	1	0	7A/2C/1G/0T	aaaagacaacctcaaggcatttaataatcaaactcccaaaggtcaaagataaagaaaggatcttaaaaacagcaacagaaaa
seq	ABCC	Mirror_Repeat	766785	766804	20	NA	+	10	0	1	1	10A/0C/0G/0T	aaaaaaaaaaaaaaaaaaaa
seq	ABCC	Mirror_Repeat	768553	768639	87	NA	+	10	67	1	0	0A/1C/0G/9T	ttctttttttgcaaagctttattctctttttatgaattcctctttttgctgatttgtcttttatttctttccttttttttttttctt
seq	ABCC	Mirror_Repeat	772445	772471	27	NA	+	10	7	1	0	1A/5C/1G/3T	gtcacctctcaatgggtctctccactg
seq	ABCC	Mirror_Repeat	779793	779855	63	NA	+	13	37	1	0	7A/0C/6G/0T	aaggaaggaaggaaggaaggggggagggagggaaaagaaaaaggggggggaggaaggaaggaa
seq	ABCC	Mirror_Repeat	779795	779857	63	NA	+	15	33	1	0	7A/0C/8G/0T	ggaaggaaggaaggaaggggggagggagggaaaagaaaaaggggggggaggaaggaaggaagg
seq	ABCC	Mirror_Repeat	779859	779917	59	NA	+	13	33	1	0	4A/0C/9G/0T	gggagggagggaaaagaaaaaggggggggaggaaggaagggggaggaagggagggaggg
seq	ABCC	Mirror_Repeat	779906	779926	21	NA	+	10	1	1	1	3A/0C/7G/0T	agggagggagggagggaggga
seq	ABCC	Mirror_Repeat	780226	780260	35	NA	+	17	1	1	1	8A/0C/9G/0T	agggagagagagagagagagagagagagagaggga
seq	ABCC	Mirror_Repeat	780265	780292	28	NA	+	11	6	1	1	3A/0C/8G/0T	agggagggagggagggaggagggaggga
seq	ABCC	Mirror_Repeat	780267	780294	28	NA	+	13	2	1	1	3A/0C/10G/0T	ggagggagggagggaggagggagggagg
seq	ABCC	Mirror_Repeat	781010	781047	38	NA	+	13	12	1	0	7A/0C/6G/0T	aaggagaaggagaggaggaggaggaagaggaagaggaa
seq	ABCC	Mirror_Repeat	781026	781067	42	NA	+	12	18	1	0	5A/0C/7G/0T	ggaggaggaagaggaagaggaagaagaagaagaaggaggagg
seq	ABCC	Mirror_Repeat	781195	781214	20	NA	+	10	0	1	1	10A/0C/0G/0T	aaaaaaaaaaaaaaaaaaaa
seq	ABCC	Mirror_Repeat	782205	782225	21	NA	+	10	1	1	0	0A/0C/2G/8T	ttttgtttgtttgtttgtttt
seq	ABCC	Mirror_Repeat	783361	783454	94	NA	+	10	74	1	0	1A/1C/0G/8T	ttattcttttttctgctatattgatttgttattaaacttatacaatcaatacttcattttagatattgttatttttttagttcattttcttatt
seq	ABCC	Mirror_Repeat	784488	784527	40	NA	+	12	16	1	0	10A/0C/0G/2T	aaaataaataaataagtaaagtaactaaaaataaataaaa
seq	ABCC	Mirror_Repeat	784509	784563	55	NA	+	10	35	1	0	7A/1C/0G/2T	taactaaaaataaataaaaagaaaagaggacttcctgaagctaagaaaaatcaat
seq	ABCC	Mirror_Repeat	784927	784946	20	NA	+	10	0	1	1	9A/0C/1G/0T	aaagaaaaaaaaaaaagaaa
seq	ABCC	Mirror_Repeat	786462	786482	21	NA	+	10	1	1	0	2A/0C/0G/8T	ttttatttatttatttatttt
seq	ABCC	Mirror_Repeat	788090	788126	37	NA	+	10	17	1	0	0A/3C/0G/7T	ttttctctctttagtaattattgtaaatctctctttt
seq	ABCC	Mirror_Repeat	789097	789123	27	NA	+	12	3	1	1	9A/1C/0G/2T	aaaatacataaaaataaatacataaaa
seq	ABCC	Mirror_Repeat	789104	789131	28	NA	+	11	6	1	1	9A/0C/0G/2T	ataaaaataaatacataaaataaaaata
seq	ABCC	Mirror_Repeat	789193	789293	101	NA	+	12	77	1	0	5A/0C/1G/6T	tttaaagattatgttatttttgatggggggacgtgtcttagtgcattcctgctgctgtaataaaatgccacagactgagtaattataaatattagaaattt
seq	ABCC	Mirror_Repeat	789883	789958	76	NA	+	10	56	1	0	5A/1C/2G/2T	taaatgagaccatttattgctttattcaacagttacttgttgaaggtctattgtctgccagaggctcagagtaaat
seq	ABCC	Mirror_Repeat	791089	791180	92	NA	+	10	72	1	0	3A/2C/0G/5T	caatttttcagttgtctcatctataaaatggaggttaaacataatacttgtctcatagggtttcaggagaagccataaacccactttttaac
seq	ABCC	Mirror_Repeat	791792	791812	21	NA	+	10	1	1	1	9A/1C/0G/0T	aaaaaaacaaaaacaaaaaaa
seq	ABCC	Mirror_Repeat	795329	795349	21	NA	+	10	1	1	0	2A/0C/0G/8T	ttatttatttatttatttatt
seq	ABCC	Mirror_Repeat	795635	795670	36	NA	+	10	16	1	0	0A/3C/0G/7T	cctttcttttcttttttgtttctttattttctttcc
seq	ABCC	Mirror_Repeat	796179	796259	81	NA	+	12	57	1	0	5A/0C/7G/0T	gaggaaggaagggagggagagagagtgagtgattgagagagagagagagagaggaaaggaaggaaggaaggaaggaaggag
seq	ABCC	Mirror_Repeat	796185	796273	89	NA	+	13	63	1	0	4A/0C/9G/0T	ggaagggagggagagagagtgagtgattgagagagagagagagagaggaaaggaaggaaggaaggaaggaaggagggagggagggaagg
seq	ABCC	Mirror_Repeat	796295	796315	21	NA	+	10	1	1	1	5A/0C/5G/0T	gagagggaaagaaagggagag
seq	ABCC	Mirror_Repeat	796297	796372	76	NA	+	12	52	1	0	7A/0C/5G/0T	gagggaaagaaagggagagtgatgaagggagaaagggagtaaaggaaggagggaaggaggaagaaaagaaagggag
seq	ABCC	Mirror_Repeat	796765	796788	24	NA	+	12	0	1	0	0A/1C/0G/11T	ttttttttcttttttctttttttt
seq	ABCC	Mirror_Repeat	800623	800662	40	NA	+	13	14	1	0	5A/1C/0G/7T	tttttaacttaaaggaaactgtatttaaaattcaattttt
seq	ABCC	Mirror_Repeat	803318	803387	70	NA	+	35	0	1	0	0A/17C/0G/18T	ttccttccttccttccttccttccttccttccttccttccttccttccttccttccttccttccttcctt
seq	ABCC	Mirror_Repeat	803320	803389	70	NA	+	35	0	1	0	0A/18C/0G/17T	ccttccttccttccttccttccttccttccttccttccttccttccttccttccttccttccttccttcc
seq	ABCC	Mirror_Repeat	803405	803437	33	NA	+	16	1	1	0	0A/4C/0G/12T	ctttctttctttctttctttctttctttctttc
seq	ABCC	Mirror_Repeat	803406	803440	35	NA	+	17	1	1	0	0A/4C/0G/13T	tttctttctttctttctttctttctttctttcttt
seq	ABCC	Mirror_Repeat	804152	804175	24	NA	+	12	0	1	0	0A/0C/0G/12T	tttttttttttttttttttttttt
seq	ABCC	Mirror_Repeat	805228	805248	21	NA	+	10	0	2	0	0A/0C/0G/10T	ttttttttttttttttttttt
seq	ABCC	Mirror_Repeat	805535	805560	26	NA	+	13	0	1	0	0A/0C/0G/13T	tttttttttttttttttttttttttt
seq	ABCC	Mirror_Repeat	805854	805877	24	NA	+	12	0	1	1	12A/0C/0G/0T	aaaaaaaaaaaaaaaaaaaaaaaa
seq	ABCC	Mirror_Repeat	806106	806200	95	NA	+	11	73	1	0	1A/4C/1G/5T	tttccacgttcccctttcctactcccatagttgtcaccacttatctaggtgctcatgccagaaatttcgaaattatgctggtctcttgcaccttt
seq	ABCC	Mirror_Repeat	811368	811399	32	NA	+	14	4	1	1	11A/0C/0G/3T	aaataaataaataaatacaataaataaataaa
seq	ABCC	Mirror_Repeat	811370	811401	32	NA	+	15	2	1	1	11A/0C/0G/4T	ataaataaataaatacaataaataaataaata
seq	ABCC	Mirror_Repeat	811707	811728	22	NA	+	11	0	1	1	8A/0C/0G/3T	ataaataaaattaaaataaata
seq	ABCC	Mirror_Repeat	813088	813111	24	NA	+	12	0	1	1	10A/1C/1G/0T	gaaaaaaaaacaacaaaaaaaaag
seq	ABCC	Mirror_Repeat	814784	814803	20	NA	+	10	0	1	1	10A/0C/0G/0T	aaaaaaaaaaaaaaaaaaaa
seq	ABCC	Mirror_Repeat	814809	814830	22	NA	+	11	0	1	1	9A/0C/2G/0T	aaagaaaagaaaagaaaagaaa
seq	ABCC	Mirror_Repeat	815420	815439	20	NA	+	10	0	1	1	9A/0C/1G/0T	agaaaaaaaaaaaaaaaaga
seq	ABCC	Mirror_Repeat	815723	815777	55	NA	+	12	31	1	0	2A/6C/2G/2T	ctgccaaccgtctaggaagcgaggagcaggcgcctctgcctggctgccaaccgtc
seq	ABCC	Mirror_Repeat	822082	822106	25	NA	+	12	1	1	0	0A/2C/0G/10T	ttttctttctttctttctttctttt
seq	ABCC	Mirror_Repeat	822099	822119	21	NA	+	10	1	1	0	0A/1C/0G/9T	tttctttttttttttttcttt
seq	ABCC	Mirror_Repeat	823190	823246	57	NA	+	28	1	1	0	14A/1C/0G/13T	acatatatatatatatatatatatatatatatatatatatatatatatatatataca
seq	ABCC	Mirror_Repeat	823236	823280	45	NA	+	17	11	1	0	9A/4C/0G/4T	atatatatacacacacatatatatacacacacacacatatatata
seq	ABCC	Mirror_Repeat	823250	823282	33	NA	+	16	1	1	0	8A/4C/0G/4T	acatatatatacacacacacacatatatataca
seq	ABCC	Mirror_Repeat	830975	831016	42	NA	+	12	18	1	0	6A/1C/3G/2T	acataaaggatgttcagcctttccagtccagtaggaaataca
seq	ABCC	Mirror_Repeat	831650	831674	25	NA	+	12	1	1	1	10A/2C/0G/0T	aaaacaaacaaacaaacaaacaaaa
seq	ABCC	Mirror_Repeat	832228	832286	59	NA	+	29	1	1	1	22A/0C/7G/0T	aaagaaagaaagaaagaaagaaagaaagaaagaaagaaagaaagaaagaaagaaagaaa
seq	ABCC	Mirror_Repeat	832548	832619	72	NA	+	10	52	1	0	3A/0C/7G/0T	ggaaggaggggtcagggacttccttcctaaggacagacattaaatctgagataggaggggtagggaggaagg
seq	ABCC	Mirror_Repeat	832625	832703	79	NA	+	10	59	1	0	3A/0C/6G/1T	gaaagggtgggagagaaggtgaatggagaaaagttttccaggcagaggaaagcagtgtgcagatccagaggtgggaaag
seq	ABCC	Mirror_Repeat	835139	835165	27	NA	+	13	1	1	1	11A/0C/0G/2T	aaaaaaaaattaaaaattaaaaaaaaa
seq	ABCC	Mirror_Repeat	835145	835170	26	NA	+	10	6	1	1	8A/0C/0G/2T	aaattaaaaattaaaaaaaaattaaa
seq	ABCC	Mirror_Repeat	835454	835478	25	NA	+	12	0	3	1	12A/0C/0G/0T	aaaaaaaaaaaaaaaaaaaaaaaaa
seq	ABCC	Mirror_Repeat	835991	836021	31	NA	+	10	11	1	0	7A/1C/2G/0T	gaaacaaaagtaccaaccagagaaaacaaag
seq	ABCC	Mirror_Repeat	837432	837453	22	NA	+	11	0	1	0	0A/0C/0G/11T	tttttttttttttttttttttt
seq	ABCC	Mirror_Repeat	838863	838897	35	NA	+	14	1	4	1	0A/0C/7G/7T	tgtgtgtgtgtgtgcgtgtgtgtgtgtgtgtgtgt
seq	ABCC	Mirror_Repeat	838864	838898	35	NA	+	13	9	1	0	0A/0C/7G/6T	gtgtgtgtgtgtgcgtgtgtgtgtgtgtgtgtgtg
seq	ABCC	Mirror_Repeat	839862	839885	24	NA	+	12	0	1	0	0A/0C/0G/12T	tttttttttttttttttttttttt
seq	ABCC	Mirror_Repeat	841801	841822	22	NA	+	11	0	1	0	0A/0C/1G/10T	gttttttttttttttttttttg
seq	ABCC	Mirror_Repeat	844575	844653	79	NA	+	10	59	1	0	6A/0C/4G/0T	gaaaggaagacttctgttccggggggaaaaaaaacaaactaaaattaaaaatcaaggactctattactgagaaggaaag
seq	ABCC	Mirror_Repeat	844761	844782	22	NA	+	10	2	1	1	2A/0C/6G/2T	atggtgaggggtgggagtggta
seq	ABCC	Mirror_Repeat	845309	845361	53	NA	+	12	29	1	0	0A/3C/0G/9T	ctttctttctttctctctctccttccttctttttttttttttttctttctttc
seq	ABCC	Mirror_Repeat	845316	845427	112	NA	+	14	84	1	0	0A/6C/0G/8T	tctttctctctctccttccttctttttttttttttttctttctttcctccctccctccttccctgcttccttccttccttccttctctctctctctctctctctctctttct
seq	ABCC	Mirror_Repeat	845719	845823	105	NA	+	11	83	1	0	0A/2C/0G/9T	tttttctttctctcattttaatccttcttgagctttttcaaatgtgtcatgtttaaaagtggactcatcctttcttttcttttttttttgttcttctttcttttt
seq	ABCC	Mirror_Repeat	852221	852303	83	NA	+	10	63	1	0	2A/0C/0G/8T	aatttttttttttcggaataaacttcacttggggacgggtgggagataaccatagagttagaaagtctaggtattttttttaa
seq	ABCC	Mirror_Repeat	852595	852639	45	NA	+	10	25	1	0	1A/0C/8G/1T	gggggaggtggggagaggggagcgtggaggggagcgtggaggggg
seq	ABCC	Mirror_Repeat	855716	855755	40	NA	+	10	20	1	0	0A/7C/1G/2T	gctctcccccctctctccacacccgcccggccccctctcg
seq	ABCC	Mirror_Repeat	856053	856128	76	NA	+	12	52	1	0	0A/3C/7G/2T	gcgctgtcggggaccaggagcctgggctgcgggcgagctagctggcgagccgggtaagattcgcggggctgtcgcg
seq	ABCC	Mirror_Repeat	857158	857279	122	NA	+	16	90	1	0	3A/1C/3G/9T	aaggtgctttattttttattttttatttattttttgctcagtaggaccgtaataggtgactgattttcttttgctgtgaggctacaagaattgctggaagacaacatttttatttcgtggaa
seq	ABCC	Mirror_Repeat	859464	859499	36	NA	+	13	10	1	0	12A/0C/1G/0T	aaaaaaagaaaaagaaagaaagaaaaaagaaaaaaa
seq	ABCC	Mirror_Repeat	859481	859504	24	NA	+	11	2	1	1	9A/0C/2G/0T	gaaagaaaaaagaaaaaaagaaag
seq	ABCC	Mirror_Repeat	860763	860848	86	NA	+	12	62	1	0	0A/5C/0G/7T	tctccttctcttactttgttttctacataccccactccccttcctgtgaggagccttccacctttttctctgtgttctcttcctct
seq	ABCC	Mirror_Repeat	861666	861714	49	NA	+	10	29	1	0	6A/3C/1G/0T	agcaaaaccagaatgcagtgaagaagctggccaaaacccaccaaaacga
seq	ABCC	Mirror_Repeat	862506	862526	21	NA	+	10	1	1	0	2A/0C/0G/8T	ttatttatttatttatttatt
seq	ABCC	Mirror_Repeat	864177	864217	41	NA	+	20	1	1	0	5A/0C/0G/15T	atttatttatttatttatttatttatttatttatttattta
seq	ABCC	Mirror_Repeat	864180	864218	39	NA	+	19	1	1	0	5A/0C/0G/14T	tatttatttatttatttatttatttatttatttatttat
seq	ABCC	Mirror_Repeat	865201	865259	59	NA	+	15	29	1	0	7A/0C/0G/8T	atttatatatatatacacacacatatatatgtatgtatgtgtgtatatatatatattta
seq	ABCC	Mirror_Repeat	867441	867539	99	NA	+	10	79	1	0	4A/1C/3G/2T	gaggaaattcaaaccaaaggcaaagaagttgaaaactttgaaaaaactttagacgaatctataactagaataaccaatacagagaagtgcttaaaggag
seq	ABCC	Mirror_Repeat	872455	872480	26	NA	+	10	6	1	1	9A/0C/0G/1T	aaataaaaaaatttttaaaaaataaa
seq	ABCC	Mirror_Repeat	873728	873748	21	NA	+	10	0	2	1	10A/0C/0G/0T	aaaaaaaaaaaaaaaaaaaaa
seq	ABCC	Mirror_Repeat	876346	876365	20	NA	+	10	0	1	0	0A/1C/0G/9T	ttttttcttttttctttttt
seq	ABCC	Mirror_Repeat	878482	878506	25	NA	+	12	1	1	1	9A/3C/0G/0T	aaacaacaacaacaacaacaacaaa
seq	ABCC	Mirror_Repeat	878888	878913	26	NA	+	13	0	1	0	2A/0C/0G/11T	tttttattttattttattttattttt
seq	ABCC	Mirror_Repeat	883059	883089	31	NA	+	15	1	1	0	0A/0C/1G/14T	gtttttttttttttttttttttttttttttg
seq	ABCC	Mirror_Repeat	883230	883250	21	NA	+	10	1	1	0	1A/0C/0G/9T	ttttttatttttttatttttt
seq	ABCC	Mirror_Repeat	884561	884593	33	NA	+	16	1	1	0	8A/0C/0G/8T	atatatatatatatatatatatatatatatata
seq	ABCC	Mirror_Repeat	884562	884594	33	NA	+	16	1	1	1	8A/0C/0G/8T	tatatatatatatatatatatatatatatatat
seq	ABCC	Mirror_Repeat	889052	889076	25	NA	+	10	5	1	0	0A/1C/0G/9T	tttcttttttttttcttttttcttt
seq	ABCC	Mirror_Repeat	889056	889083	28	NA	+	14	0	1	0	0A/1C/0G/13T	ttttttttttcttttttctttttttttt
seq	ABCC	Mirror_Repeat	889641	889674	34	NA	+	10	14	1	0	6A/2C/0G/2T	ctctaaaaaaattaaaaacaaaataaaaaatctc
seq	ABCC	Mirror_Repeat	892167	892197	31	NA	+	15	1	1	0	8A/7C/0G/0T	acacacacacacacacacacacacacacaca
seq	ABCC	Mirror_Repeat	892273	892322	50	NA	+	12	22	5	0	0A/0C/0G/12T	ttttttttttttgaagaggcatattttttctaactttttttttttttttt
seq	ABCC	Mirror_Repeat	894208	894254	47	NA	+	11	25	1	0	0A/7C/0G/4T	ttccctccctcccttccttccttccttccttcttctctccctccctt
seq	ABCC	Mirror_Repeat	894216	894293	78	NA	+	14	50	1	0	0A/8C/0G/6T	ctcccttccttccttccttccttcttctctccctcccttgttatctcttttcctttcctttctctccttccttccctc
seq	ABCC	Mirror_Repeat	894219	894326	108	NA	+	15	78	1	0	0A/8C/0G/7T	ccttccttccttccttccttcttctctccctcccttgttatctcttttcctttcctttctctccttccttccctcttccctttttcctttctctccttccttccttcc
seq	ABCC	Mirror_Repeat	894221	894328	108	NA	+	17	74	1	0	0A/8C/0G/9T	ttccttccttccttccttcttctctccctcccttgttatctcttttcctttcctttctctccttccttccctcttccctttttcctttctctccttccttccttcctt
seq	ABCC	Mirror_Repeat	894244	894348	105	NA	+	11	83	1	0	0A/7C/0G/4T	ctccctcccttgttatctcttttcctttcctttctctccttccttccctcttccctttttcctttctctccttccttccttccttgcttccttcttccctccctc
seq	ABCC	Mirror_Repeat	894264	894374	111	NA	+	13	85	1	0	0A/4C/0G/9T	tttcctttcctttctctccttccttccctcttccctttttcctttctctccttccttccttccttgcttccttcttccctccctcctttgttctctcttttcctttccttt
seq	ABCC	Mirror_Repeat	894312	894443	132	NA	+	16	100	1	0	0A/8C/0G/8T	tccttccttccttccttgcttccttcttccctccctcctttgttctctcttttcctttcctttctctttttctttccttccttccttcctcactcactcttttcttttcctttctctccttccttccttcct
seq	ABCC	Mirror_Repeat	894311	894402	92	NA	+	18	56	1	0	0A/9C/0G/9T	ctccttccttccttccttgcttccttcttccctccctcctttgttctctcttttcctttcctttctctttttctttccttccttccttcctc
seq	ABCC	Mirror_Repeat	894384	894499	116	NA	+	19	78	1	0	0A/9C/0G/10T	tttccttccttccttcctcactcactcttttcttttcctttctctccttccttccttccttcctccctccctcactctctcttttctttgcctttctctccttccttccttccttt
seq	ABCC	Mirror_Repeat	894484	894545	62	NA	+	19	24	1	0	0A/9C/0G/10T	cttccttccttccttttcctccctccctccctcccttgttctcccttttccttccttccttc
seq	ABCC	Mirror_Repeat	894533	894566	34	NA	+	17	0	1	0	0A/8C/0G/9T	ccttccttccttctttcctttcttccttccttcc
seq	ABCC	Mirror_Repeat	894554	894614	61	NA	+	13	31	2	0	0A/7C/0G/6T	cttccttccttccctcttccctcactctctcttttcctttctctccttccttccttccttc
seq	ABCC	Mirror_Repeat	894625	894663	39	NA	+	19	1	1	0	0A/16C/0G/3T	cccctcccccctcccctccccctcccctcccccctcccc
seq	ABCC	Mirror_Repeat	894647	894677	31	NA	+	10	11	1	0	0A/8C/0G/2T	tcccctcccccctccccccctcccctcccct
seq	ABCC	Mirror_Repeat	894643	894676	34	NA	+	16	2	1	0	0A/14C/0G/2T	cccctcccctcccccctccccccctcccctcccc
seq	ABCC	Mirror_Repeat	899658	899696	39	NA	+	10	19	1	0	7A/1C/2G/0T	aagacaaaagatgcccctgtttgcatatggaaaacagaa
seq	ABCC	Mirror_Repeat	900886	900915	30	NA	+	15	0	1	1	15A/0C/0G/0T	aaaaaaaaaaaaaaaaaaaaaaaaaaaaaa
seq	ABCC	Mirror_Repeat	903352	903425	74	NA	+	10	54	1	0	4A/0C/0G/6T	aaattttttaaactttaaatttaatagttttaaagaattttcttggtgtgttcctgcagtaaacattttttaaa
seq	ABCC	Mirror_Repeat	904824	904856	33	NA	+	10	13	1	0	0A/0C/3G/7T	ttttgtgtgtgcgtgtatgtctctgtgtgtttt
seq	ABCC	Mirror_Repeat	907227	907259	33	NA	+	16	1	1	1	8A/0C/8G/0T	agagagagagagagagagagagagagagagaga
seq	ABCC	Mirror_Repeat	907228	907260	33	NA	+	16	1	1	1	8A/0C/8G/0T	gagagagagagagagagagagagagagagagag
seq	ABCC	Mirror_Repeat	907542	907563	22	NA	+	11	0	1	0	0A/0C/0G/11T	tttttttttttttttttttttt
seq	ABCC	Mirror_Repeat	908981	909025	45	NA	+	22	1	1	0	5A/0C/0G/17T	ttttatttatttatttatttatttatttatttatttatttatttt
seq	ABCC	Mirror_Repeat	910902	910954	53	NA	+	10	33	1	0	3A/0C/4G/3T	gtgtgaaatgtttcatgaatttatctgtgatcaggatgtaatagtaaagtgtg
seq	ABCC	Mirror_Repeat	916569	916605	37	NA	+	18	1	1	0	0A/0C/8G/10T	ttgtgtgtgtgtgtgtgtgtgtgtgtgtgtgtgtgtt
seq	ABCC	Mirror_Repeat	917125	917164	40	NA	+	11	18	1	0	4A/1C/2G/4T	gaattgaactttctcagttgaagttcacgttcaagttaag
