Sequence_name	Source	Type	Start	Stop	Length	Score	Strand	Repeat	Spacer	KVScore	Subset	Composition	Sequence
seq	ABCC	Z_DNA_Motif	729	740	12	NA	+	12	NA	93	1	0A/3C/6G/2T	gcgtgcgcgtgc
seq	ABCC	Z_DNA_Motif	15028	15037	10	NA	+	10	NA	24	0	0A/0C/5G/4T	gtgtgtgtgc
seq	ABCC	Z_DNA_Motif	18397	18419	23	NA	+	23	NA	55	1	0A/1C/11G/10T	tgtgtgtgtgcgtgtgtgtgtgt
seq	ABCC	Z_DNA_Motif	40401	40426	26	NA	+	26	NA	37	1	13A/12C/0G/0T	acacacacacacacacacacacacac
seq	ABCC	Z_DNA_Motif	58485	58500	16	NA	+	16	NA	55	1	2A/3C/6G/4T	acacgtgtgtgtgcgt
seq	ABCC	Z_DNA_Motif	62963	62972	10	NA	+	10	NA	24	0	0A/1C/4G/4T	tgtgtgtgca
seq	ABCC	Z_DNA_Motif	66740	66749	10	NA	+	10	NA	46	1	1A/3C/3G/2T	tgcacgtgca
seq	ABCC	Z_DNA_Motif	78603	78616	14	NA	+	14	NA	52	1	0A/2C/6G/5T	tgcgtgtgtgtgca
seq	ABCC	Z_DNA_Motif	111141	111154	14	NA	+	14	NA	30	0	1A/2C/5G/5T	tgtgtgtgtgcaca
seq	ABCC	Z_DNA_Motif	119612	119621	10	NA	+	10	NA	35	1	0A/1C/4G/4T	tgtgcgtgtg
seq	ABCC	Z_DNA_Motif	119626	119637	12	NA	+	12	NA	38	1	0A/1C/5G/5T	tgtgtgtgtgcg
seq	ABCC	Z_DNA_Motif	135149	135182	34	NA	+	34	NA	60	1	0A/1C/16G/16T	tgtgtgtgtgtgtgtgtgtgtgtgtgtgtgtgca
seq	ABCC	Z_DNA_Motif	142323	142335	13	NA	+	13	NA	18	0	6A/6C/0G/0T	acacacacacaca
seq	ABCC	Z_DNA_Motif	142336	142345	10	NA	+	10	NA	68	1	1A/4C/3G/1T	tgcgcgcaca
seq	ABCC	Z_DNA_Motif	142346	142360	15	NA	+	15	NA	32	0	6A/6C/1G/1T	tgcacacacacacac
seq	ABCC	Z_DNA_Motif	151765	151797	33	NA	+	33	NA	48	1	16A/16C/0G/0T	acacacacacacacacacacacacacacacaca
seq	ABCC	Z_DNA_Motif	151804	151813	10	NA	+	10	NA	24	0	3A/4C/1G/1T	tgcacacaca
seq	ABCC	Z_DNA_Motif	187443	187452	10	NA	+	10	NA	68	1	1A/3C/4G/1T	gtgcgcgcac
seq	ABCC	Z_DNA_Motif	195449	195463	15	NA	+	15	NA	21	0	0A/0C/7G/7T	gtgtgtgtgtgtgtg
seq	ABCC	Z_DNA_Motif	195465	195483	19	NA	+	19	NA	60	1	1A/3C/8G/6T	gtgtgtgtgtgcacgtgca
seq	ABCC	Z_DNA_Motif	198195	198205	11	NA	+	11	NA	15	0	5A/5C/0G/0T	acacacacaca
seq	ABCC	Z_DNA_Motif	206014	206023	10	NA	+	10	NA	24	0	0A/1C/4G/4T	tgtgtgtgca
seq	ABCC	Z_DNA_Motif	247435	247446	12	NA	+	12	NA	49	1	2A/4C/3G/2T	tgcacgtgcaca
seq	ABCC	Z_DNA_Motif	248506	248544	39	NA	+	39	NA	68	1	0A/1C/19G/18T	cgtgtgtgtgtgtgtgtgtgtgtgtgtgtgtgtgtgtgt
seq	ABCC	Z_DNA_Motif	263750	263761	12	NA	+	12	NA	27	0	0A/1C/5G/5T	tgtgtgtgtgca
seq	ABCC	Z_DNA_Motif	269946	269956	11	NA	+	11	NA	15	0	5A/5C/0G/0T	acacacacaca
seq	ABCC	Z_DNA_Motif	274672	274683	12	NA	+	12	NA	16	0	0A/0C/5G/6T	tgtgtgtgtgtg
seq	ABCC	Z_DNA_Motif	277199	277209	11	NA	+	11	NA	15	0	5A/5C/0G/0T	acacacacaca
seq	ABCC	Z_DNA_Motif	282245	282254	10	NA	+	10	NA	24	0	4A/4C/1G/0T	acacacacgt
seq	ABCC	Z_DNA_Motif	287752	287763	12	NA	+	12	NA	38	1	0A/1C/5G/5T	tgcgtgtgtgtg
seq	ABCC	Z_DNA_Motif	308400	308412	13	NA	+	13	NA	18	0	0A/0C/6G/6T	tgtgtgtgtgtgt
seq	ABCC	Z_DNA_Motif	329898	329923	26	NA	+	26	NA	70	1	0A/2C/12G/11T	tgtgtgcgtgtgtgtgtgtgtgtgca
seq	ABCC	Z_DNA_Motif	337341	337376	36	NA	+	36	NA	74	1	1A/2C/17G/15T	gtgtgtgtgtgtgtgtgtgcacgtgtgtgtgtgtgt
seq	ABCC	Z_DNA_Motif	338030	338041	12	NA	+	12	NA	49	1	3A/4C/3G/1T	gcgtgcacacac
seq	ABCC	Z_DNA_Motif	344607	344626	20	NA	+	20	NA	39	1	0A/1C/9G/9T	tgtgtgtgtgtgtgtgtgca
seq	ABCC	Z_DNA_Motif	367066	367094	29	NA	+	29	NA	64	1	11A/12C/3G/2T	tgcacacacacacacacacacacacgtgt
seq	ABCC	Z_DNA_Motif	374594	374603	10	NA	+	10	NA	35	1	2A/4C/2G/1T	cacgtgcaca
seq	ABCC	Z_DNA_Motif	397262	397285	24	NA	+	24	NA	78	1	9A/12C/2G/0T	cacacacacacacacgcacgcaca
seq	ABCC	Z_DNA_Motif	397287	397300	14	NA	+	14	NA	19	0	7A/6C/0G/0T	acacacacacacac
seq	ABCC	Z_DNA_Motif	407511	407520	10	NA	+	10	NA	13	0	4A/5C/0G/0T	cacacacaca
seq	ABCC	Z_DNA_Motif	407522	407532	11	NA	+	11	NA	15	0	5A/5C/0G/0T	acacacacaca
seq	ABCC	Z_DNA_Motif	407534	407546	13	NA	+	13	NA	18	0	6A/6C/0G/0T	acacacacacaca
seq	ABCC	Z_DNA_Motif	411089	411134	46	NA	+	46	NA	67	1	0A/0C/22G/23T	tgtgtgtgtgtgtgtgtgtgtgtgtgtgtgtgtgtgtgtgtgtgtg
seq	ABCC	Z_DNA_Motif	430102	430132	31	NA	+	31	NA	45	1	0A/0C/15G/15T	tgtgtgtgtgtgtgtgtgtgtgtgtgtgtgt
seq	ABCC	Z_DNA_Motif	434861	434889	29	NA	+	29	NA	42	1	14A/14C/0G/0T	acacacacacacacacacacacacacaca
seq	ABCC	Z_DNA_Motif	435618	435627	10	NA	+	10	NA	24	0	3A/4C/1G/1T	tgcacacaca
seq	ABCC	Z_DNA_Motif	441549	441587	39	NA	+	39	NA	68	1	18A/18C/1G/1T	tgcacacacacacacacacacacacacacacacacacac
seq	ABCC	Z_DNA_Motif	441956	441986	31	NA	+	31	NA	45	1	15A/15C/0G/0T	acacacacacacacacacacacacacacaca
seq	ABCC	Z_DNA_Motif	445120	445138	19	NA	+	19	NA	60	1	6A/7C/3G/2T	tgcacgtgcacacacacac
seq	ABCC	Z_DNA_Motif	454864	454873	10	NA	+	10	NA	24	0	0A/1C/4G/4T	tgtgtgtgca
seq	ABCC	Z_DNA_Motif	472950	472978	29	NA	+	29	NA	42	1	0A/0C/14G/14T	gtgtgtgtgtgtgtgtgtgtgtgtgtgtg
seq	ABCC	Z_DNA_Motif	473042	473056	15	NA	+	15	NA	65	1	4A/6C/3G/1T	gcacgcacacacgtg
seq	ABCC	Z_DNA_Motif	479864	479907	44	NA	+	44	NA	64	1	22A/21C/0G/0T	acacacacacacacacacacacacacacacacacacacacacac
seq	ABCC	Z_DNA_Motif	490221	490231	11	NA	+	11	NA	26	0	3A/3C/2G/2T	acacacgtgtg
seq	ABCC	Z_DNA_Motif	491574	491609	36	NA	+	36	NA	63	1	16A/17C/1G/1T	tgcacacacacacacacacacacacacacacacaca
seq	ABCC	Z_DNA_Motif	499929	499938	10	NA	+	10	NA	46	1	1A/2C/4G/2T	gtgtgcgcac
seq	ABCC	Z_DNA_Motif	521343	521352	10	NA	+	10	NA	24	0	0A/0C/5G/4T	gtgtgtgtgc
seq	ABCC	Z_DNA_Motif	525026	525038	13	NA	+	13	NA	18	0	0A/0C/6G/6T	gtgtgtgtgtgtg
seq	ABCC	Z_DNA_Motif	541277	541286	10	NA	+	10	NA	46	1	2A/4C/2G/1T	tgcacacgca
seq	ABCC	Z_DNA_Motif	543533	543542	10	NA	+	10	NA	13	0	0A/0C/4G/5T	tgtgtgtgtg
seq	ABCC	Z_DNA_Motif	546287	546296	10	NA	+	10	NA	13	0	5A/4C/0G/0T	acacacacac
seq	ABCC	Z_DNA_Motif	557359	557372	14	NA	+	14	NA	52	1	5A/6C/2G/0T	acacacgcacacgt
seq	ABCC	Z_DNA_Motif	557753	557766	14	NA	+	14	NA	52	1	1A/3C/5G/4T	tgcacgtgtgtgca
seq	ABCC	Z_DNA_Motif	558633	558647	15	NA	+	15	NA	21	0	7A/7C/0G/0T	acacacacacacaca
seq	ABCC	Z_DNA_Motif	568240	568275	36	NA	+	36	NA	52	1	0A/0C/18G/17T	gtgtgtgtgtgtgtgtgtgtgtgtgtgtgtgtgtgt
seq	ABCC	Z_DNA_Motif	570606	570615	10	NA	+	10	NA	13	0	0A/0C/5G/4T	gtgtgtgtgt
seq	ABCC	Z_DNA_Motif	573054	573067	14	NA	+	14	NA	19	0	0A/0C/6G/7T	tgtgtgtgtgtgtg
seq	ABCC	Z_DNA_Motif	583024	583056	33	NA	+	33	NA	48	1	0A/0C/16G/16T	tgtgtgtgtgtgtgtgtgtgtgtgtgtgtgtgt
seq	ABCC	Z_DNA_Motif	584233	584242	10	NA	+	10	NA	24	0	0A/1C/4G/4T	tgtgtgtgca
seq	ABCC	Z_DNA_Motif	584252	584261	10	NA	+	10	NA	13	0	0A/0C/5G/4T	gtgtgtgtgt
seq	ABCC	Z_DNA_Motif	585638	585649	12	NA	+	12	NA	16	0	6A/5C/0G/0T	acacacacacac
seq	ABCC	Z_DNA_Motif	590492	590501	10	NA	+	10	NA	13	0	4A/5C/0G/0T	cacacacaca
seq	ABCC	Z_DNA_Motif	597479	597506	28	NA	+	28	NA	40	1	14A/13C/0G/0T	acacacacacacacacacacacacacac
seq	ABCC	Z_DNA_Motif	600365	600374	10	NA	+	10	NA	35	1	3A/3C/2G/1T	acacacgtgc
seq	ABCC	Z_DNA_Motif	610581	610594	14	NA	+	14	NA	19	0	0A/0C/7G/6T	gtgtgtgtgtgtgt
seq	ABCC	Z_DNA_Motif	610596	610608	13	NA	+	13	NA	18	0	0A/0C/6G/6T	tgtgtgtgtgtgt
seq	ABCC	Z_DNA_Motif	610614	610638	25	NA	+	25	NA	36	1	0A/0C/12G/12T	tgtgtgtgtgtgtgtgtgtgtgtgt
seq	ABCC	Z_DNA_Motif	612365	612375	11	NA	+	11	NA	26	0	4A/5C/1G/0T	gcacacacaca
seq	ABCC	Z_DNA_Motif	620286	620302	17	NA	+	17	NA	35	1	7A/8C/1G/0T	gcacacacacacacaca
seq	ABCC	Z_DNA_Motif	625919	625932	14	NA	+	14	NA	41	1	0A/1C/7G/5T	gtgtgtgtgcgtgt
seq	ABCC	Z_DNA_Motif	635619	635631	13	NA	+	13	NA	40	1	5A/6C/1G/0T	acacacgcacaca
seq	ABCC	Z_DNA_Motif	639349	639358	10	NA	+	10	NA	46	1	1A/3C/3G/2T	tgcacgtgca
seq	ABCC	Z_DNA_Motif	653218	653236	19	NA	+	19	NA	27	0	9A/9C/0G/0T	acacacacacacacacaca
seq	ABCC	Z_DNA_Motif	681222	681258	37	NA	+	37	NA	54	1	18A/18C/0G/0T	acacacacacacacacacacacacacacacacacaca
seq	ABCC	Z_DNA_Motif	687347	687357	11	NA	+	11	NA	81	1	0A/3C/5G/2T	gcgcgtgcgtg
seq	ABCC	Z_DNA_Motif	687395	687409	15	NA	+	15	NA	131	1	1A/6C/6G/1T	gcgcgcgcacgtgcg
seq	ABCC	Z_DNA_Motif	689945	689957	13	NA	+	13	NA	18	0	0A/0C/6G/6T	tgtgtgtgtgtgt
seq	ABCC	Z_DNA_Motif	689959	689985	27	NA	+	27	NA	39	1	0A/0C/13G/13T	tgtgtgtgtgtgtgtgtgtgtgtgtgt
seq	ABCC	Z_DNA_Motif	697260	697293	34	NA	+	34	NA	49	1	17A/16C/0G/0T	acacacacacacacacacacacacacacacacac
seq	ABCC	Z_DNA_Motif	703595	703605	11	NA	+	11	NA	15	0	0A/0C/5G/5T	tgtgtgtgtgt
seq	ABCC	Z_DNA_Motif	714581	714590	10	NA	+	10	NA	68	1	2A/4C/3G/0T	gcgcacacgc
seq	ABCC	Z_DNA_Motif	726257	726317	61	NA	+	61	NA	277	1	21A/30C/9G/0T	gcgcgcgcgcgcgcgcgcacacacacacacacacacacacacacacacacacacacacaca
seq	ABCC	Z_DNA_Motif	728425	728434	10	NA	+	10	NA	13	0	0A/0C/4G/5T	tgtgtgtgtg
seq	ABCC	Z_DNA_Motif	732290	732300	11	NA	+	11	NA	37	1	0A/1C/5G/4T	tgtgtgcgtgt
seq	ABCC	Z_DNA_Motif	744941	744950	10	NA	+	10	NA	13	0	0A/0C/4G/5T	tgtgtgtgtg
seq	ABCC	Z_DNA_Motif	753895	753905	11	NA	+	11	NA	15	0	0A/0C/5G/5T	tgtgtgtgtgt
seq	ABCC	Z_DNA_Motif	788925	788939	15	NA	+	15	NA	21	0	7A/7C/0G/0T	acacacacacacaca
seq	ABCC	Z_DNA_Motif	823260	823272	13	NA	+	13	NA	18	0	6A/6C/0G/0T	acacacacacaca
seq	ABCC	Z_DNA_Motif	825508	825527	20	NA	+	20	NA	28	0	10A/9C/0G/0T	acacacacacacacacacac
seq	ABCC	Z_DNA_Motif	827835	827846	12	NA	+	12	NA	16	0	5A/6C/0G/0T	cacacacacaca
seq	ABCC	Z_DNA_Motif	838041	838050	10	NA	+	10	NA	35	1	1A/2C/3G/3T	tgcacgtgtg
seq	ABCC	Z_DNA_Motif	838640	838649	10	NA	+	10	NA	13	0	0A/0C/4G/5T	tgtgtgtgtg
seq	ABCC	Z_DNA_Motif	838863	838898	36	NA	+	36	NA	74	1	0A/1C/17G/17T	tgtgtgtgtgtgtgcgtgtgtgtgtgtgtgtgtgtg
seq	ABCC	Z_DNA_Motif	840792	840801	10	NA	+	10	NA	24	0	3A/4C/1G/1T	tgcacacaca
seq	ABCC	Z_DNA_Motif	850736	850745	10	NA	+	10	NA	35	1	0A/1C/5G/3T	gtgcgtgtgt
seq	ABCC	Z_DNA_Motif	851274	851287	14	NA	+	14	NA	19	0	7A/6C/0G/0T	acacacacacacac
seq	ABCC	Z_DNA_Motif	854149	854158	10	NA	+	10	NA	68	1	1A/3C/4G/1T	gcgtgcgcac
seq	ABCC	Z_DNA_Motif	855253	855266	14	NA	+	14	NA	19	0	0A/0C/6G/7T	tgtgtgtgtgtgtg
seq	ABCC	Z_DNA_Motif	891504	891514	11	NA	+	11	NA	26	0	2A/2C/3G/3T	acacgtgtgtg
seq	ABCC	Z_DNA_Motif	892167	892197	31	NA	+	31	NA	45	1	15A/15C/0G/0T	acacacacacacacacacacacacacacaca
seq	ABCC	Z_DNA_Motif	893127	893136	10	NA	+	10	NA	24	0	1A/1C/4G/3T	gtgtgtgcac
seq	ABCC	Z_DNA_Motif	902705	902714	10	NA	+	10	NA	24	0	0A/1C/4G/4T	tgtgtgtgca
seq	ABCC	Z_DNA_Motif	904814	904824	11	NA	+	11	NA	15	0	0A/0C/5G/5T	tgtgtgtgtgt
seq	ABCC	Z_DNA_Motif	904827	904839	13	NA	+	13	NA	40	1	0A/1C/6G/5T	tgtgtgtgcgtgt
seq	ABCC	Z_DNA_Motif	907461	907479	19	NA	+	19	NA	49	1	0A/1C/9G/8T	tgcgtgtgtgtgtgtgtgt
seq	ABCC	Z_DNA_Motif	913774	913784	11	NA	+	11	NA	37	1	2A/3C/3G/2T	acgtgtgcaca
seq	ABCC	Z_DNA_Motif	915665	915675	11	NA	+	11	NA	48	1	2A/3C/3G/2T	tgcacacgtgc
seq	ABCC	Z_DNA_Motif	916570	916604	35	NA	+	35	NA	51	1	0A/0C/17G/17T	tgtgtgtgtgtgtgtgtgtgtgtgtgtgtgtgtgt
